employee_id,first_name,last_name,gender,hire_date,salary,dept_id,manager_id,job_role,overtime_hours_per_month,performance_rating,attrition
2001,Diana,Brown,Female,2023-09-01,160000.0,2.0,1019.0,Analyst,7.0,3.0,0
2002,Ivy,Wilson,Female,2019-10-15,38000.0,7.0,1025.0,Associate,7.0,4.0,0
2003,Olivia,Kim,Female,2022-08-31,112000.0,3.0,1024.0,Analyst,5.0,3.0,1
2004,Kevin,Johnson,Male,2022-07-11,160000.0,6.0,1034.0,Analyst,9.0,5.0,0
2005,Bob,Wilson,Female,2019-01-12,85000.0,,,Manager,8.0,2.0,0
2006,Nick,Rodriguez,Female,2021-12-02,98000.0,3.0,1024.0,Analyst,12.0,5.0,0
2007,Laura,Rodriguez,Male,2020-06-25,52000.0,2.0,1044.0,Analyst,6.0,3.0,0
2008,Laura,Rodriguez,Male,2020-05-23,61000.0,4.0,1029.0,Analyst,9.0,2.0,0
2009,Frank,Johnson,Female,2021-09-21,38000.0,,,Analyst,9.0,3.0,0
2010,Eve,Wilson,Female,2021-09-18,98000.0,3.0,1043.0,Lead,8.0,4.0,0
2011,Charlie,Garcia,Male,2022-01-17,61000.0,10.0,1018.0,Senior Analyst,9.0,4.0,0
2012,Alice,Smith,Male,2021-04-17,45000.0,1.0,1026.0,Analyst,4.0,3.0,0
2013,Kevin,Kim,Female,2020-06-13,112000.0,4.0,1029.0,Director,7.0,3.0,1
2014,Kevin,Rodriguez,Male,2023-12-13,112000.0,3.0,1043.0,Analyst,8.0,4.0,0
2015,Olivia,Kim,Male,2023-04-30,112000.0,3.0,1015.0,Lead,7.0,4.0,0
2016,Laura,Martinez,Male,2018-02-06,98000.0,8.0,1001.0,Senior Analyst,6.0,4.0,0
2017,Henry,Lee,Female,2019-04-15,38000.0,7.0,1038.0,Senior Analyst,13.0,1.0,0
2018,Bob,Rodriguez,Female,2021-11-18,98000.0,10.0,1037.0,Analyst,8.0,4.0,0
2019,Jack,Johnson,Male,2022-12-31,98000.0,3.0,1042.0,Associate,13.0,4.0,0
2020,Mona,Kim,Male,2020-09-11,160000.0,3.0,1015.0,Lead,6.0,5.0,0
2021,Henry,Martinez,Male,2020-09-25,135000.0,3.0,1024.0,Associate,11.0,4.0,0
2022,Charlie,Garcia,Female,2018-06-13,38000.0,3.0,1032.0,Senior Analyst,12.0,3.0,0
2023,Frank,Garcia,Male,2030-04-18,112000.0,9.0,1007.0,Senior Analyst,8.0,3.0,0
2024,Charlie,Martinez,Male,2022-04-12,38000.0,6.0,1034.0,Manager,10.0,4.0,0
2025,Olivia,Garcia,Male,2019-04-10,61000.0,1.0,1026.0,Associate,8.0,4.0,1
2026,Nick,Wilson,Male,2022-04-30,98000.0,3.0,1032.0,Associate,1.0,5.0,0
2027,Nick,Davis,Male,2020-11-16,38000.0,3.0,1014.0,Analyst,11.0,4.0,1
2028,Ivy,Brown,Female,2021-03-04,135000.0,10.0,1018.0,Analyst,10.0,4.0,1
2029,Henry,Brown,Male,2018-04-12,38000.0,11.0,1006.0,Associate,6.0,3.0,1
2030,Bob,Johnson,Male,2023-10-19,112000.0,2.0,1021.0,Analyst,6.0,3.0,0
2031,Frank,Johnson,Female,2022-03-16,73000.0,,,Senior Analyst,6.0,3.0,1
2032,Olivia,Wilson,Female,2023-10-08,73000.0,3.0,1015.0,Analyst,12.0,1.0,0
2033,Mona,Brown,Female,2023-09-15,98000.0,,,Analyst,7.0,4.0,0
2034,Diana,Davis,Male,2022-12-31,38000.0,6.0,1034.0,Analyst,10.0,3.0,0
2035,Diana,Wilson,Female,2023-06-17,52000.0,1.0,1009.0,Senior Analyst,3.0,3.0,0
2036,Ivy,Smith,Male,2018-06-29,112000.0,4.0,1023.0,Analyst,6.0,3.0,0
2037,Bob,Patel,Male,2021-04-29,135000.0,10.0,1018.0,Senior Analyst,10.0,3.0,0
2038,Kevin,Wilson,Male,2020-02-28,160000.0,10.0,1022.0,Analyst,4.0,2.0,0
2039,Mona,Rodriguez,Male,2021-08-05,135000.0,8.0,1001.0,Manager,10.0,4.0,0
2040,Olivia,Brown,Female,2023-10-06,98000.0,7.0,1039.0,Associate,9.0,3.0,0
2041,Henry,Martinez,Male,2018-12-04,38000.0,9.0,1016.0,Lead,4.0,4.0,0
2042,Bob,Martinez,Male,2019-01-29,160000.0,9.0,1031.0,Associate,14.0,4.0,1
2043,Jack,Lee,Female,2019-11-17,61000.0,1.0,1026.0,VP,6.0,5.0,0
2044,Olivia,Lee,Male,2023-12-25,45000.0,4.0,1023.0,Senior Analyst,4.0,2.0,0
2045,Charlie,Rodriguez,Female,2018-01-31,52000.0,3.0,1032.0,Lead,5.0,3.0,1
2046,Henry,Martinez,Female,2018-09-26,45000.0,12.0,1035.0,Manager,7.0,3.0,0
2047,Jack,Davis,Male,2020-05-13,112000.0,7.0,1039.0,Senior Analyst,8.0,4.0,0
2048,Olivia,Lee,Female,2020-05-23,45000.0,,,Analyst,10.0,5.0,1
2049,Nick,Wilson,Male,2022-10-04,98000.0,5.0,1008.0,Analyst,8.0,4.0,1
2050,Laura,Brown,Male,2019-03-02,135000.0,12.0,1010.0,Associate,6.0,4.0,0
2051,Kevin,Patel,Male,2020-04-22,52000.0,12.0,1040.0,Senior Analyst,6.0,3.0,0
2052,Kevin,Martinez,Female,2022-11-18,98000.0,2.0,1019.0,Associate,9.0,4.0,1
2053,Frank,Martinez,Male,2018-10-23,52000.0,7.0,1041.0,Manager,10.0,2.0,0
2054,Kevin,Garcia,Male,2019-09-22,160000.0,10.0,1037.0,Lead,8.0,4.0,0
2055,Frank,Patel,Female,2018-04-08,52000.0,,,Analyst,5.0,4.0,0
2056,Nick,Johnson,Female,2023-02-24,52000.0,3.0,1032.0,Analyst,11.0,3.0,0
2057,Grace,Lee,Female,2021-09-20,38000.0,3.0,1015.0,Lead,8.0,3.0,0
2058,Diana,Brown,Male,2018-06-05,73000.0,11.0,1036.0,Senior Analyst,7.0,4.0,1
2059,Alice,Davis,Male,2018-12-25,112000.0,12.0,1040.0,Director,7.0,2.0,0
2060,Alice,Smith,Female,2018-10-28,52000.0,4.0,1029.0,Senior Analyst,6.0,2.0,0
2061,Ivy,Garcia,Male,2018-08-11,52000.0,1.0,1001.0,Analyst,7.0,3.0,0
2062,Ivy,Patel,Male,2019-12-31,38000.0,,,Analyst,9.0,3.0,0
2063,Alice,Rodriguez,Male,2020-10-28,73000.0,5.0,1008.0,Manager,7.0,4.0,0
2064,Kevin,Wilson,Female,2018-10-16,112000.0,7.0,1041.0,Associate,9.0,4.0,1
2065,Alice,Garcia,Female,2020-07-21,135000.0,12.0,1035.0,Associate,9.0,4.0,1
2066,Bob,Johnson,Female,2020-11-25,160000.0,10.0,1018.0,Senior Analyst,14.0,3.0,0
2067,Alice,Smith,Female,2022-07-28,61000.0,11.0,1036.0,Associate,8.0,4.0,0
2068,Eve,Johnson,Female,2022-05-09,112000.0,3.0,1015.0,Senior Analyst,2.0,5.0,0
2069,Henry,Patel,Male,2023-01-22,112000.0,9.0,1031.0,Analyst,3.0,3.0,1
2070,Eve,Garcia,Male,2022-07-15,160000.0,10.0,1022.0,Analyst,8.0,3.0,0
2071,Henry,Davis,Female,2022-11-09,135000.0,3.0,1014.0,Lead,6.0,5.0,1
2072,Ivy,Johnson,Female,2021-07-19,135000.0,3.0,1042.0,Analyst,10.0,2.0,0
2073,Kevin,Rodriguez,Female,2018-03-11,61000.0,,,Analyst,8.0,3.0,0
2074,Nick,Martinez,Female,2022-05-15,52000.0,7.0,1039.0,Associate,15.0,3.0,0
2075,Ivy,Davis,Male,2019-04-30,85000.0,3.0,1014.0,Analyst,9.0,1.0,0
2076,Diana,Rodriguez,Male,2023-12-31,38000.0,,,Analyst,4.0,3.0,1
2077,Henry,Patel,Female,2018-01-25,160000.0,,,Analyst,5.0,3.0,0
2078,Grace,Patel,Female,2018-09-17,45000.0,9.0,1007.0,Associate,3.0,4.0,0
2079,Bob,Patel,Female,2018-07-06,98000.0,,,Analyst,9.0,3.0,0
2080,Jack,Patel,Male,2018-10-25,52000.0,3.0,1024.0,Associate,8.0,4.0,0
2081,Frank,Smith,Female,2022-01-05,160000.0,3.0,1042.0,Senior Analyst,10.0,3.0,0
2082,Grace,Lee,Female,2023-08-22,160000.0,11.0,1027.0,Analyst,6.0,5.0,0
2083,Mona,Kim,Female,2019-03-11,135000.0,,,Senior Analyst,9.0,5.0,0
2084,Alice,Johnson,Female,2021-04-02,112000.0,,,VP,7.0,4.0,0
2085,Jack,Wilson,Male,2021-05-19,85000.0,6.0,1034.0,Associate,11.0,5.0,0
2086,Jack,Kim,Male,2018-12-21,45000.0,,,Manager,6.0,4.0,0
2087,Alice,Johnson,Male,2021-02-27,85000.0,,,Analyst,8.0,5.0,0
2088,Kevin,Smith,Male,2022-11-28,98000.0,,,Associate,7.0,3.0,0
2089,Mona,Rodriguez,Female,2022-04-12,98000.0,12.0,1040.0,Lead,6.0,3.0,0
2090,Bob,Garcia,Male,2022-06-07,45000.0,10.0,1018.0,Analyst,9.0,4.0,0
2091,Charlie,Davis,Male,2018-05-07,52000.0,9.0,1007.0,Lead,10.0,3.0,0
2092,Ivy,Martinez,Female,2023-04-26,73000.0,5.0,1028.0,Associate,10.0,4.0,0
2093,Charlie,Garcia,Female,2019-10-03,98000.0,,,Lead,4.0,5.0,0
2094,Charlie,Brown,Female,2023-12-26,61000.0,,,Lead,11.0,3.0,0
2095,Grace,Davis,Male,2020-06-19,45000.0,3.0,1024.0,Analyst,7.0,4.0,0
2096,Nick,Smith,Male,2019-07-13,135000.0,3.0,1024.0,Senior Analyst,10.0,3.0,1
2097,Bob,Lee,Male,2022-05-21,112000.0,7.0,1033.0,Associate,3.0,3.0,0
2098,Mona,Johnson,Female,2021-04-23,160000.0,7.0,1033.0,Analyst,6.0,4.0,0
2099,Mona,Rodriguez,Female,2019-08-14,73000.0,,,Analyst,8.0,3.0,0
2100,Bob,Brown,Male,2021-05-05,85000.0,3.0,1032.0,Manager,5.0,4.0,0
2101,Jack,Patel,Female,2022-03-09,160000.0,1.0,1001.0,VP,5.0,4.0,0
2102,Ivy,Martinez,Female,2018-02-15,85000.0,7.0,1017.0,Lead,5.0,3.0,1
2103,Alice,Lee,Male,2019-08-03,160000.0,3.0,1015.0,Senior Analyst,14.0,4.0,0
2104,Bob,Johnson,Female,2019-05-20,135000.0,4.0,1029.0,Analyst,3.0,4.0,0
2105,Laura,Lee,Female,2018-06-21,112000.0,11.0,1027.0,Manager,7.0,3.0,0
2106,Diana,Wilson,Male,2018-01-21,52000.0,11.0,1006.0,Associate,13.0,3.0,0
2107,Grace,Brown,Female,2022-06-03,61000.0,3.0,1024.0,Analyst,6.0,5.0,0
2108,Henry,Smith,Male,2018-12-15,61000.0,9.0,1016.0,Senior Analyst,4.0,4.0,1
2109,Mona,Davis,Female,2021-06-02,38000.0,7.0,1025.0,Analyst,7.0,3.0,1
2110,Nick,Garcia,Male,2020-05-10,45000.0,10.0,1018.0,Associate,9.0,2.0,0
2111,Charlie,Garcia,Male,2021-11-09,61000.0,3.0,1043.0,Director,4.0,4.0,1
2112,Alice,Brown,Female,2020-05-17,98000.0,9.0,1016.0,Analyst,7.0,4.0,0
2113,Frank,Brown,Male,2022-08-18,85000.0,,,VP,9.0,3.0,0
2114,Nick,Wilson,Female,2023-10-01,61000.0,7.0,1002.0,Manager,5.0,4.0,0
2115,Laura,Kim,Male,2019-08-07,61000.0,,,Analyst,8.0,4.0,0
2116,Eve,Smith,Male,2019-10-22,73000.0,6.0,1034.0,Analyst,12.0,4.0,1
2117,Kevin,Kim,Female,2020-01-24,73000.0,4.0,1029.0,Associate,4.0,3.0,1
2118,Kevin,Brown,Male,2020-06-23,135000.0,10.0,1022.0,Lead,10.0,4.0,1
2119,Laura,Lee,Female,2020-11-01,38000.0,10.0,1018.0,Analyst,9.0,3.0,0
2120,Jack,Wilson,Female,2020-03-06,85000.0,,,Associate,11.0,5.0,0
2121,Henry,Garcia,Male,2019-04-15,160000.0,3.0,1014.0,Associate,9.0,4.0,0
2122,Charlie,Kim,Male,2020-01-13,38000.0,7.0,1039.0,Associate,10.0,4.0,0
2123,Diana,Rodriguez,Male,2018-08-11,61000.0,9.0,1016.0,Analyst,5.0,4.0,0
2124,Alice,Garcia,Female,2023-03-05,85000.0,11.0,1036.0,Analyst,7.0,3.0,0
2125,Laura,Martinez,Female,2018-10-27,112000.0,1.0,1013.0,Associate,9.0,5.0,1
2126,Alice,Garcia,Female,2021-04-05,38000.0,,,Senior Analyst,6.0,2.0,1
2127,Eve,Smith,Male,2018-10-03,112000.0,7.0,1041.0,Associate,7.0,4.0,0
2128,Alice,Davis,Female,2020-10-23,112000.0,3.0,1024.0,Senior Analyst,9.0,3.0,0
2129,Henry,Smith,Male,2019-02-07,135000.0,,,Director,7.0,3.0,0
2130,Nick,Patel,Female,2020-03-19,112000.0,11.0,1027.0,Analyst,10.0,4.0,0
2131,Henry,Patel,Female,2023-06-19,98000.0,,,Lead,10.0,4.0,0
2132,Alice,Martinez,Female,2021-09-17,38000.0,4.0,1023.0,Associate,10.0,4.0,0
2133,Henry,Kim,Female,2022-01-02,73000.0,9.0,1031.0,Director,5.0,4.0,0
2134,Mona,Smith,Male,2019-06-10,85000.0,9.0,1031.0,Associate,10.0,4.0,0
2135,Bob,Lee,Female,2020-08-18,38000.0,,,Associate,12.0,5.0,0
2136,Bob,Wilson,Male,2019-02-14,85000.0,1.0,1009.0,Associate,3.0,3.0,1
2137,Mona,Johnson,Female,2021-03-13,85000.0,3.0,1015.0,Associate,6.0,4.0,0
2138,Grace,Brown,Female,2018-10-13,52000.0,3.0,1042.0,Senior Analyst,12.0,4.0,1
2139,Olivia,Martinez,Male,2020-03-03,38000.0,3.0,1043.0,Associate,2.0,3.0,0
2140,Ivy,Johnson,Female,2021-07-25,98000.0,7.0,1041.0,Analyst,4.0,1.0,0
2141,Ivy,Kim,Male,2023-06-14,52000.0,5.0,1005.0,Director,10.0,3.0,0
2142,Alice,Kim,Female,2023-01-20,98000.0,5.0,1005.0,Associate,5.0,3.0,0
2143,Bob,Wilson,Female,2021-09-06,45000.0,,,Lead,7.0,3.0,0
2144,Jack,Davis,Male,2021-06-06,73000.0,,,Associate,8.0,2.0,0
2145,Ivy,Wilson,Male,2019-09-17,85000.0,1.0,1009.0,Analyst,6.0,3.0,0
2146,Eve,Rodriguez,Female,2022-02-01,73000.0,3.0,1043.0,Manager,11.0,4.0,0
2147,Diana,Garcia,Female,2021-07-19,112000.0,10.0,1022.0,Associate,10.0,4.0,1
2148,Kevin,Lee,Male,2022-10-21,85000.0,4.0,1003.0,Associate,9.0,3.0,0
2149,Eve,Johnson,Male,2019-11-22,73000.0,3.0,1042.0,Senior Analyst,11.0,3.0,1
2150,Diana,Wilson,Female,2018-01-20,73000.0,3.0,1043.0,Analyst,8.0,3.0,0
2151,Bob,Rodriguez,Female,2021-07-06,85000.0,3.0,1042.0,Associate,7.0,4.0,1
2152,Jack,Smith,Male,2020-10-05,61000.0,,,Associate,8.0,4.0,1
2153,Grace,Lee,Male,2020-06-26,112000.0,2.0,1021.0,Analyst,4.0,4.0,0
2154,Nick,Martinez,Female,2022-11-22,112000.0,11.0,1027.0,Senior Analyst,10.0,4.0,0
2155,Olivia,Davis,Female,2021-02-07,52000.0,9.0,1007.0,Associate,8.0,4.0,0
2156,Alice,Kim,Female,2022-01-12,112000.0,3.0,1032.0,Associate,7.0,4.0,0
2157,Jack,Kim,Male,2019-07-05,135000.0,6.0,1034.0,Senior Analyst,11.0,3.0,0
2158,Ivy,Patel,Male,2021-09-20,85000.0,3.0,1042.0,Analyst,8.0,4.0,0
2159,Bob,Martinez,Female,2023-05-20,45000.0,10.0,1018.0,Manager,7.0,4.0,1
2160,Ivy,Garcia,Female,2023-03-11,135000.0,1.0,1026.0,Analyst,12.0,4.0,1
2161,Henry,Smith,Male,2022-12-30,52000.0,1.0,1013.0,Lead,11.0,4.0,0
2162,Bob,Wilson,Male,2022-01-09,38000.0,10.0,1037.0,Senior Analyst,13.0,2.0,0
2163,Frank,Kim,Male,2021-06-05,135000.0,3.0,1014.0,Associate,11.0,5.0,0
2164,Bob,Davis,Male,2023-06-18,73000.0,1.0,1009.0,Associate,10.0,3.0,0
2165,Diana,Smith,Female,2019-03-22,160000.0,5.0,1005.0,Associate,10.0,3.0,0
2166,Eve,Wilson,Female,2019-12-21,85000.0,1.0,1045.0,Associate,10.0,2.0,0
2167,Grace,Kim,Male,2018-12-02,38000.0,,,Senior Analyst,2.0,5.0,1
2168,Ivy,Martinez,Female,2021-02-23,73000.0,1.0,1013.0,Associate,15.0,5.0,0
2169,Eve,Patel,Female,2019-07-28,73000.0,9.0,1031.0,Associate,10.0,5.0,0
2170,Olivia,Patel,Male,2020-03-15,61000.0,6.0,1034.0,VP,5.0,4.0,0
2171,Mona,Patel,Female,2020-12-14,61000.0,10.0,1037.0,Analyst,9.0,4.0,0
2172,Henry,Rodriguez,Male,2018-11-10,135000.0,3.0,1042.0,Manager,9.0,5.0,0
2173,Kevin,Kim,Female,2018-11-05,112000.0,2.0,1019.0,VP,8.0,5.0,0
2174,Ivy,Lee,Male,2018-03-18,73000.0,,,Analyst,8.0,4.0,0
2175,Nick,Wilson,Male,2023-09-09,73000.0,12.0,1010.0,Manager,11.0,3.0,0
2176,Bob,Patel,Female,2018-05-08,160000.0,,,Analyst,7.0,4.0,0
2177,Nick,Martinez,Female,2022-07-18,45000.0,3.0,1042.0,Lead,9.0,5.0,0
2178,Diana,Lee,Female,2020-05-21,85000.0,1.0,1045.0,Director,7.0,5.0,0
2179,Nick,Smith,Female,2018-05-31,73000.0,3.0,1042.0,Lead,3.0,5.0,0
2180,Laura,Patel,Female,2020-12-03,73000.0,8.0,1001.0,Lead,10.0,5.0,0
2181,Charlie,Patel,Female,2023-04-18,52000.0,3.0,1042.0,Associate,7.0,5.0,1
2182,Eve,Rodriguez,Male,2019-09-01,160000.0,12.0,1040.0,Senior Analyst,6.0,4.0,0
2183,Diana,Johnson,Male,2022-02-07,135000.0,3.0,1015.0,Senior Analyst,11.0,4.0,1
2184,Frank,Kim,Female,2022-05-27,52000.0,,,Associate,4.0,3.0,0
2185,Kevin,Johnson,Female,2020-07-03,38000.0,7.0,1041.0,Analyst,4.0,4.0,0
2186,Mona,Kim,Male,2021-04-06,38000.0,,,Associate,5.0,4.0,0
2187,Henry,Kim,Male,2019-07-03,98000.0,3.0,1042.0,Associate,8.0,5.0,0
2188,Diana,Patel,Male,2023-03-19,160000.0,6.0,1034.0,Analyst,10.0,4.0,0
2189,Nick,Wilson,Female,2023-08-15,112000.0,10.0,1018.0,Associate,12.0,3.0,0
2190,Alice,Johnson,Male,2023-09-22,73000.0,2.0,1044.0,Manager,9.0,1.0,0
2191,Jack,Patel,Female,2019-01-06,61000.0,2.0,1044.0,Associate,3.0,4.0,0
2192,Mona,Patel,Female,2022-06-14,135000.0,,,Senior Analyst,8.0,4.0,0
2193,Alice,Wilson,Male,2022-01-30,112000.0,11.0,1006.0,Analyst,7.0,3.0,0
2194,Frank,Rodriguez,Female,2023-08-19,45000.0,1.0,1001.0,Senior Analyst,10.0,3.0,0
2195,Bob,Brown,Male,2018-02-13,112000.0,5.0,1028.0,Analyst,7.0,4.0,0
2196,Olivia,Patel,Male,2020-09-05,73000.0,6.0,1034.0,Senior Analyst,10.0,3.0,0
2197,Charlie,Wilson,Female,2019-11-11,112000.0,11.0,1006.0,Manager,9.0,3.0,0
2198,Grace,Martinez,Male,2023-10-07,61000.0,3.0,1043.0,Analyst,4.0,3.0,0
2199,Kevin,Smith,Female,2019-07-29,160000.0,3.0,1042.0,Analyst,6.0,4.0,0
2200,Ivy,Wilson,Male,2023-01-02,85000.0,1.0,1026.0,Senior Analyst,9.0,4.0,0
2201,Bob,Patel,Female,2019-10-15,85000.0,6.0,1034.0,Senior Analyst,11.0,3.0,0
2202,Olivia,Garcia,Female,2020-01-04,85000.0,10.0,1037.0,Analyst,11.0,5.0,0
2203,Kevin,Martinez,Male,2019-08-22,38000.0,1.0,1045.0,Analyst,3.0,3.0,0
2204,Charlie,Johnson,Male,2023-06-04,45000.0,,,Analyst,7.0,3.0,0
2205,Alice,Smith,Male,2022-01-09,112000.0,7.0,1038.0,Senior Analyst,10.0,3.0,1
2206,Frank,Davis,Female,2018-06-15,73000.0,3.0,1032.0,Associate,10.0,3.0,0
2207,Ivy,Wilson,Male,2020-06-15,160000.0,1.0,1045.0,Senior Analyst,11.0,2.0,0
2208,Grace,Patel,Female,2023-06-21,135000.0,3.0,1014.0,Director,5.0,2.0,0
2209,Alice,Johnson,Male,2020-08-07,45000.0,,,Analyst,5.0,4.0,0
2210,Frank,Lee,Female,2018-09-15,45000.0,10.0,1022.0,Manager,10.0,4.0,0
2211,Nick,Wilson,Female,2020-12-18,135000.0,7.0,1002.0,Manager,10.0,4.0,0
2212,Olivia,Kim,Female,2022-02-22,160000.0,10.0,1022.0,Analyst,9.0,4.0,0
2213,Alice,Rodriguez,Male,2020-08-16,160000.0,6.0,1034.0,Associate,5.0,2.0,0
2214,Frank,Smith,Female,2018-06-25,52000.0,11.0,1006.0,Senior Analyst,12.0,4.0,0
2215,Kevin,Johnson,Male,2020-04-26,98000.0,1.0,1026.0,Associate,6.0,2.0,0
2216,Kevin,Patel,Female,2023-10-23,61000.0,9.0,1007.0,Associate,10.0,4.0,0
2217,Frank,Patel,Male,2022-01-19,160000.0,2.0,1044.0,Manager,6.0,3.0,0
2218,Ivy,Patel,Male,2022-05-09,98000.0,2.0,1021.0,Senior Analyst,16.0,5.0,0
2219,Nick,Smith,Male,2023-04-08,85000.0,4.0,1023.0,Senior Analyst,11.0,4.0,0
2220,Olivia,Johnson,Female,2023-02-06,61000.0,1.0,1013.0,Lead,6.0,2.0,1
2221,Laura,Patel,Female,2018-07-10,45000.0,1.0,1001.0,Manager,4.0,4.0,0
2222,Nick,Kim,Male,2018-06-13,160000.0,3.0,1014.0,Lead,11.0,1.0,0
2223,Diana,Kim,Female,2021-08-20,45000.0,,,Analyst,7.0,4.0,0
2224,Charlie,Rodriguez,Male,2019-02-27,112000.0,3.0,1014.0,Senior Analyst,8.0,4.0,0
2225,Laura,Smith,Male,2023-11-06,45000.0,1.0,1045.0,Lead,8.0,3.0,0
2226,Charlie,Lee,Female,2021-01-25,52000.0,11.0,1006.0,Lead,7.0,3.0,0
2227,Grace,Garcia,Male,2020-12-14,98000.0,12.0,1030.0,Analyst,11.0,1.0,0
2228,Charlie,Rodriguez,Female,2019-12-14,45000.0,4.0,1012.0,Analyst,13.0,4.0,0
2229,Nick,Johnson,Female,2022-03-23,160000.0,7.0,1017.0,Senior Analyst,9.0,3.0,0
2230,Laura,Martinez,Male,2022-03-31,98000.0,10.0,1022.0,Senior Analyst,11.0,4.0,0
2231,Grace,Wilson,Female,2022-02-05,38000.0,1.0,1001.0,Analyst,11.0,5.0,0
2232,Kevin,Lee,Female,2018-11-15,52000.0,,,Analyst,11.0,3.0,0
2233,Laura,Brown,Male,2023-10-18,38000.0,,,Associate,7.0,5.0,0
2234,Diana,Wilson,Male,2020-10-27,52000.0,3.0,1015.0,Analyst,2.0,4.0,0
2235,Charlie,Rodriguez,Male,2022-03-22,73000.0,1.0,1013.0,Lead,5.0,3.0,0
2236,Kevin,Lee,Female,2020-07-01,160000.0,,,Associate,8.0,3.0,0
2237,Frank,Johnson,Female,2023-10-17,61000.0,7.0,1039.0,Associate,13.0,4.0,0
2238,Alice,Smith,Female,2022-07-21,85000.0,8.0,1001.0,Analyst,10.0,3.0,0
2239,Henry,Johnson,Female,2021-12-16,73000.0,10.0,1018.0,Associate,7.0,2.0,0
2240,Charlie,Wilson,Female,2021-11-14,98000.0,10.0,1037.0,Analyst,4.0,3.0,0
2241,Nick,Rodriguez,Male,2023-06-18,85000.0,,,Analyst,12.0,4.0,0
2242,Frank,Martinez,Male,2023-05-29,160000.0,,,Analyst,9.0,4.0,0
2243,Mona,Rodriguez,Female,2018-01-28,135000.0,,,Associate,10.0,4.0,0
2244,Nick,Rodriguez,Female,2023-08-18,52000.0,10.0,1022.0,Associate,11.0,3.0,0
2245,Diana,Wilson,Male,2019-07-24,38000.0,12.0,1010.0,Analyst,4.0,4.0,1
2246,Jack,Wilson,Male,2022-12-07,135000.0,10.0,1018.0,Senior Analyst,5.0,5.0,0
2247,Frank,Brown,Male,2019-11-10,38000.0,9.0,1031.0,Analyst,4.0,2.0,0
2248,Eve,Kim,Male,2020-07-31,85000.0,2.0,1019.0,Analyst,8.0,2.0,0
2249,Bob,Kim,Male,2018-11-12,73000.0,12.0,1030.0,Senior Analyst,9.0,5.0,0
2250,Laura,Johnson,Male,2023-10-09,61000.0,12.0,1035.0,Lead,2.0,4.0,1
2251,Frank,Wilson,Female,2021-02-24,160000.0,10.0,1018.0,Analyst,11.0,4.0,0
2252,Henry,Wilson,Male,2020-05-16,85000.0,12.0,1030.0,VP,6.0,5.0,0
2253,Kevin,Johnson,Female,2019-09-08,98000.0,10.0,1018.0,Manager,9.0,4.0,0
2254,Mona,Kim,Male,2020-02-05,135000.0,3.0,1032.0,Associate,14.0,3.0,0
2255,Eve,Lee,Male,2019-10-07,52000.0,3.0,1024.0,Manager,11.0,4.0,1
2256,Alice,Rodriguez,Male,2022-01-23,61000.0,3.0,1024.0,Analyst,8.0,4.0,1
2257,Nick,Martinez,Female,2019-04-30,85000.0,5.0,1005.0,Senior Analyst,8.0,5.0,0
2258,Diana,Lee,Female,2020-08-01,52000.0,1.0,1001.0,Analyst,11.0,3.0,0
2259,Ivy,Garcia,Male,2022-08-26,52000.0,10.0,1018.0,Analyst,12.0,4.0,0
2260,Olivia,Kim,Female,2021-09-14,45000.0,4.0,1012.0,Analyst,13.0,4.0,0
2261,Alice,Brown,Male,2019-04-10,52000.0,10.0,1018.0,Analyst,9.0,3.0,0
2262,Ivy,Garcia,Female,2023-05-27,112000.0,5.0,1008.0,Analyst,11.0,3.0,0
2263,Frank,Rodriguez,Female,2023-05-16,52000.0,10.0,1022.0,Analyst,5.0,5.0,1
2264,Laura,Johnson,Male,2023-05-17,98000.0,4.0,1029.0,Associate,10.0,3.0,0
2265,Grace,Davis,Female,2020-05-13,160000.0,3.0,1042.0,Lead,8.0,4.0,0
2266,Olivia,Smith,Male,2019-10-23,160000.0,7.0,1039.0,Analyst,9.0,5.0,0
2267,Bob,Patel,Male,2022-08-11,135000.0,10.0,1018.0,Analyst,6.0,3.0,1
2268,Nick,Wilson,Female,2018-04-02,112000.0,4.0,1020.0,Director,6.0,5.0,0
2269,Charlie,Garcia,Female,2020-09-25,61000.0,,,Senior Analyst,11.0,4.0,0
2270,Alice,Patel,Female,2018-06-26,160000.0,1.0,1001.0,Lead,11.0,4.0,0
2271,Grace,Patel,Female,2019-06-08,112000.0,6.0,1034.0,Analyst,7.0,3.0,1
2272,Henry,Brown,Male,2019-10-22,61000.0,,,Analyst,9.0,5.0,1
2273,Mona,Johnson,Female,2019-07-06,73000.0,9.0,1016.0,Lead,4.0,3.0,0
2274,Kevin,Kim,Male,2023-10-01,135000.0,6.0,1034.0,Associate,13.0,3.0,0
2275,Olivia,Smith,Female,2018-06-10,38000.0,9.0,1007.0,Associate,5.0,3.0,0
2276,Laura,Garcia,Male,2019-08-25,160000.0,9.0,1016.0,Director,5.0,3.0,0
2277,Charlie,Garcia,Male,2018-08-18,85000.0,11.0,1006.0,Analyst,7.0,4.0,0
2278,Grace,Johnson,Male,2019-11-13,112000.0,2.0,1021.0,Associate,8.0,5.0,0
2279,Olivia,Davis,Male,2020-11-23,45000.0,3.0,1043.0,Lead,6.0,5.0,0
2280,Nick,Brown,Female,2020-01-08,135000.0,9.0,1007.0,Senior Analyst,11.0,3.0,1
2281,Jack,Brown,Male,2023-10-18,73000.0,,,Associate,8.0,3.0,0
2282,Jack,Martinez,Female,2022-07-19,45000.0,9.0,1007.0,Senior Analyst,10.0,4.0,0
2283,Bob,Johnson,Male,2018-03-18,160000.0,3.0,1024.0,Associate,5.0,1.0,0
2284,Nick,Garcia,Female,2021-03-07,112000.0,10.0,1037.0,Associate,7.0,4.0,1
2285,Henry,Davis,Female,2018-12-18,45000.0,11.0,1036.0,Analyst,6.0,5.0,0
2286,Kevin,Davis,Male,2020-06-06,135000.0,3.0,1043.0,Associate,7.0,5.0,0
2287,Eve,Garcia,Male,2023-01-14,73000.0,5.0,1005.0,Associate,8.0,3.0,0
2288,Kevin,Kim,Female,2023-04-15,85000.0,8.0,1001.0,Senior Analyst,11.0,4.0,0
2289,Ivy,Johnson,Male,2023-05-27,38000.0,7.0,1017.0,Director,9.0,1.0,0
2290,Charlie,Rodriguez,Female,2019-11-30,135000.0,5.0,1028.0,Manager,8.0,3.0,1
2291,Jack,Lee,Female,2020-06-17,160000.0,3.0,1042.0,Lead,7.0,4.0,1
2292,Frank,Rodriguez,Female,2022-08-10,98000.0,1.0,1026.0,Analyst,6.0,5.0,1
2293,Laura,Garcia,Male,2019-08-08,73000.0,1.0,1026.0,Manager,5.0,5.0,0
2294,Charlie,Kim,Female,2020-01-15,38000.0,,,Associate,9.0,5.0,1
2295,Ivy,Smith,Male,2023-09-24,160000.0,,,Lead,6.0,5.0,1
2296,Grace,Lee,Female,2020-12-19,160000.0,4.0,1003.0,Manager,5.0,1.0,1
2297,Mona,Rodriguez,Female,2019-11-18,112000.0,,,Analyst,3.0,4.0,0
2298,Eve,Kim,Female,2021-11-04,160000.0,10.0,1037.0,Analyst,11.0,2.0,0
2299,Diana,Brown,Female,2023-02-01,73000.0,7.0,1025.0,Associate,8.0,3.0,0
2300,Laura,Brown,Female,2018-10-09,160000.0,7.0,1017.0,Director,9.0,4.0,1
2301,Jack,Johnson,Female,2020-07-30,112000.0,1.0,1013.0,Lead,7.0,4.0,0
2302,Eve,Wilson,Male,2022-03-30,135000.0,1.0,1045.0,Analyst,5.0,4.0,0
2303,Grace,Brown,Female,2022-04-28,73000.0,9.0,1007.0,Associate,9.0,2.0,1
2304,Kevin,Brown,Female,2019-06-26,160000.0,9.0,1007.0,Senior Analyst,7.0,3.0,0
2305,Henry,Johnson,Male,2019-03-21,73000.0,3.0,1042.0,Lead,5.0,3.0,0
2306,Laura,Brown,Female,2018-03-09,45000.0,,,Associate,9.0,2.0,1
2307,Olivia,Davis,Male,2020-04-08,160000.0,12.0,1035.0,Senior Analyst,7.0,3.0,1
2308,Laura,Kim,Female,2023-11-12,112000.0,2.0,1044.0,Analyst,2.0,4.0,0
2309,Jack,Rodriguez,Male,2023-08-28,52000.0,,,Senior Analyst,6.0,4.0,1
2310,Eve,Smith,Male,2022-09-16,61000.0,,,Manager,6.0,3.0,0
2311,Jack,Davis,Female,2019-09-05,135000.0,,,Associate,7.0,4.0,0
2312,Jack,Smith,Male,2019-01-30,85000.0,1.0,1026.0,Senior Analyst,10.0,3.0,0
2313,Bob,Rodriguez,Female,2019-12-28,52000.0,11.0,1006.0,Manager,13.0,5.0,0
2314,Olivia,Martinez,Male,2023-05-04,52000.0,9.0,1007.0,Director,8.0,3.0,0
2315,Diana,Lee,Male,2018-06-09,98000.0,11.0,1027.0,Senior Analyst,6.0,4.0,0
2316,Eve,Lee,Female,2023-12-17,61000.0,,,Senior Analyst,10.0,5.0,1
2317,Mona,Brown,Female,2023-08-24,52000.0,10.0,1037.0,Analyst,10.0,5.0,0
2318,Charlie,Brown,Female,2019-04-27,85000.0,12.0,1030.0,Associate,6.0,2.0,1
2319,Alice,Smith,Male,2019-01-17,73000.0,,,Senior Analyst,7.0,4.0,0
2320,Olivia,Davis,Female,2023-05-30,45000.0,12.0,1010.0,Lead,10.0,3.0,0
2321,Jack,Brown,Male,2019-06-18,112000.0,6.0,1034.0,Associate,11.0,1.0,1
2322,Laura,Wilson,Male,2018-01-05,73000.0,3.0,1014.0,Manager,10.0,2.0,1
2323,Grace,Kim,Male,2022-11-03,135000.0,5.0,1005.0,Manager,5.0,5.0,0
2324,Nick,Lee,Male,2023-11-09,98000.0,,,Associate,8.0,5.0,0
2325,Ivy,Martinez,Female,2022-09-20,52000.0,2.0,1021.0,Senior Analyst,18.0,3.0,0
2326,Kevin,Patel,Female,2022-02-26,98000.0,7.0,1033.0,Senior Analyst,7.0,4.0,0
2327,Frank,Patel,Male,2018-06-27,112000.0,3.0,1043.0,Analyst,5.0,5.0,1
2328,Frank,Wilson,Female,2023-12-11,85000.0,9.0,1016.0,Associate,2.0,4.0,0
2329,Charlie,Johnson,Female,2022-10-24,38000.0,,,Senior Analyst,8.0,3.0,0
2330,Kevin,Patel,Male,2020-07-28,135000.0,,,Senior Analyst,6.0,4.0,0
2331,Nick,Garcia,Female,2023-05-29,98000.0,3.0,1024.0,Lead,5.0,4.0,0
2332,Mona,Kim,Female,2022-04-11,73000.0,,,Manager,4.0,4.0,0
2333,Nick,Johnson,Female,2021-12-06,73000.0,9.0,1031.0,Lead,10.0,4.0,0
2334,Laura,Davis,Male,2019-02-05,73000.0,4.0,1012.0,Senior Analyst,9.0,4.0,0
2335,Diana,Kim,Male,2022-10-09,98000.0,11.0,1036.0,Analyst,10.0,3.0,0
2336,Mona,Rodriguez,Female,2019-07-03,61000.0,7.0,1033.0,Associate,6.0,3.0,0
2337,Kevin,Kim,Male,2020-11-08,160000.0,5.0,1005.0,Analyst,5.0,2.0,0
2338,Grace,Patel,Male,2023-05-09,135000.0,11.0,1006.0,Lead,8.0,4.0,1
2339,Ivy,Martinez,Female,2020-08-10,52000.0,3.0,1043.0,VP,7.0,3.0,1
2340,Nick,Garcia,Male,2018-12-10,38000.0,4.0,1029.0,VP,4.0,4.0,0
2341,Bob,Johnson,Female,2021-03-06,45000.0,6.0,1034.0,Associate,8.0,3.0,0
2342,Charlie,Lee,Male,2022-08-01,45000.0,3.0,1024.0,Manager,4.0,4.0,1
2343,Grace,Johnson,Male,2020-11-21,112000.0,6.0,1034.0,Director,8.0,5.0,0
2344,Henry,Patel,Female,2020-02-14,73000.0,9.0,1016.0,Associate,6.0,4.0,0
2345,Ivy,Johnson,Male,2018-01-23,38000.0,11.0,1036.0,Associate,15.0,5.0,0
2346,Eve,Smith,Male,2018-01-30,45000.0,11.0,1006.0,Analyst,5.0,4.0,0
2347,Laura,Rodriguez,Female,2023-11-11,160000.0,12.0,1010.0,Analyst,6.0,3.0,0
2348,Grace,Davis,Male,2019-04-28,61000.0,11.0,1036.0,Manager,5.0,5.0,0
2349,Mona,Patel,Female,2023-10-30,45000.0,10.0,1037.0,Senior Analyst,5.0,5.0,0
2350,Nick,Rodriguez,Male,2018-01-30,45000.0,3.0,1024.0,Analyst,9.0,5.0,0
2351,Grace,Davis,Female,2022-03-17,160000.0,6.0,1034.0,VP,9.0,4.0,1
2352,Nick,Martinez,Male,2020-04-21,160000.0,7.0,1025.0,Analyst,8.0,4.0,0
2353,Grace,Rodriguez,Female,2021-07-17,52000.0,1.0,1045.0,Manager,9.0,1.0,0
2354,Charlie,Wilson,Female,2022-08-02,52000.0,8.0,1001.0,Associate,9.0,4.0,1
2355,Mona,Lee,Female,2022-01-23,112000.0,6.0,1034.0,Associate,7.0,2.0,0
2356,Grace,Johnson,Female,2019-03-13,45000.0,12.0,1030.0,Analyst,7.0,3.0,0
2357,Laura,Rodriguez,Male,2019-09-26,73000.0,,,Senior Analyst,6.0,4.0,1
2358,Mona,Garcia,Female,2022-10-12,85000.0,9.0,1031.0,Senior Analyst,7.0,4.0,0
2359,Eve,Davis,Female,2020-11-04,45000.0,3.0,1032.0,Director,4.0,1.0,0
2360,Laura,Garcia,Female,2020-12-06,38000.0,1.0,1013.0,Senior Analyst,7.0,4.0,1
2361,Henry,Smith,Male,2022-10-01,85000.0,,,Senior Analyst,8.0,5.0,0
2362,Diana,Patel,Male,2022-02-06,73000.0,,,Manager,8.0,4.0,0
2363,Grace,Garcia,Male,2021-02-02,73000.0,3.0,1015.0,Senior Analyst,7.0,4.0,1
2364,Kevin,Lee,Female,2022-06-16,45000.0,10.0,1037.0,Associate,11.0,5.0,1
2365,Diana,Brown,Male,2020-04-14,61000.0,1.0,1013.0,Lead,5.0,3.0,1
2366,Frank,Smith,Female,2022-08-20,52000.0,3.0,1024.0,Associate,1.0,4.0,0
2367,Nick,Kim,Female,2023-05-31,45000.0,3.0,1015.0,Analyst,6.0,3.0,0
2368,Bob,Brown,Female,2020-01-03,98000.0,3.0,1032.0,Senior Analyst,9.0,3.0,0
2369,Charlie,Davis,Female,2022-02-25,45000.0,,,Manager,5.0,4.0,0
2370,Frank,Wilson,Male,2023-06-05,73000.0,10.0,1037.0,Analyst,8.0,4.0,0
2371,Charlie,Kim,Male,2020-11-05,45000.0,5.0,1028.0,Associate,10.0,1.0,0
2372,Diana,Smith,Female,2021-06-10,73000.0,11.0,1006.0,Manager,12.0,3.0,0
2373,Grace,Johnson,Male,2021-11-11,38000.0,,,Senior Analyst,5.0,4.0,0
2374,Eve,Johnson,Male,2022-06-19,52000.0,,,Senior Analyst,4.0,4.0,0
2375,Grace,Lee,Female,2019-07-20,38000.0,1.0,1009.0,Senior Analyst,11.0,4.0,0
2376,Alice,Patel,Female,2019-05-03,98000.0,5.0,1005.0,Lead,8.0,3.0,1
2377,Mona,Patel,Male,2020-07-30,85000.0,2.0,1044.0,Director,15.0,4.0,0
2378,Frank,Smith,Female,2023-01-04,160000.0,4.0,1023.0,Associate,5.0,3.0,0
2379,Laura,Smith,Male,2019-10-25,112000.0,3.0,1014.0,Analyst,12.0,3.0,1
2380,Olivia,Brown,Female,2019-02-15,98000.0,10.0,1018.0,Analyst,5.0,4.0,0
2381,Alice,Kim,Male,2020-05-28,45000.0,5.0,1008.0,Analyst,5.0,4.0,0
2382,Nick,Kim,Female,2023-09-14,38000.0,3.0,1032.0,Analyst,10.0,3.0,0
2383,Ivy,Patel,Female,2022-06-29,112000.0,3.0,1042.0,Associate,6.0,3.0,1
2384,Henry,Patel,Female,2021-10-18,135000.0,4.0,1023.0,Senior Analyst,11.0,4.0,0
2385,Olivia,Brown,Male,2018-08-02,85000.0,3.0,1032.0,Analyst,8.0,3.0,0
2386,Eve,Davis,Female,2019-10-21,73000.0,7.0,1011.0,Manager,7.0,3.0,1
2387,Frank,Brown,Male,2022-05-13,45000.0,1.0,1001.0,Senior Analyst,9.0,3.0,1
2388,Nick,Brown,Female,2018-01-22,85000.0,3.0,1042.0,Analyst,13.0,3.0,0
2389,Mona,Johnson,Male,2019-01-09,112000.0,6.0,1034.0,Associate,5.0,1.0,1
2390,Ivy,Johnson,Female,2019-08-19,73000.0,9.0,1031.0,Associate,5.0,5.0,1
2391,Laura,Patel,Female,2023-04-16,52000.0,3.0,1032.0,Senior Analyst,15.0,4.0,0
2392,Laura,Rodriguez,Male,2022-11-19,98000.0,2.0,1044.0,Associate,4.0,4.0,0
2393,Nick,Brown,Female,2018-12-28,73000.0,1.0,1001.0,Senior Analyst,7.0,4.0,0
2394,Henry,Patel,Female,2018-09-20,45000.0,,,Analyst,11.0,4.0,0
2395,Eve,Johnson,Female,2020-12-13,85000.0,6.0,1034.0,Associate,10.0,5.0,1
2396,Henry,Brown,Female,2020-06-27,112000.0,9.0,1016.0,Associate,10.0,4.0,0
2397,Frank,Patel,Male,2022-02-27,52000.0,,,Lead,18.0,3.0,1
2398,Kevin,Smith,Male,2018-11-24,38000.0,1.0,1045.0,Lead,14.0,4.0,0
2399,Laura,Smith,Male,2018-06-04,160000.0,,,Manager,6.0,4.0,0
2400,Kevin,Wilson,Male,2022-04-24,98000.0,9.0,1016.0,Analyst,7.0,4.0,0
2401,Mona,Martinez,Male,2022-06-30,135000.0,3.0,1032.0,Senior Analyst,7.0,4.0,0
2402,Nick,Garcia,Male,2023-11-05,112000.0,6.0,1034.0,Senior Analyst,9.0,5.0,1
2403,Olivia,Johnson,Male,2021-03-19,112000.0,12.0,1004.0,Analyst,4.0,4.0,0
2404,Ivy,Davis,Female,2018-08-24,38000.0,7.0,1011.0,Analyst,6.0,3.0,0
2405,Nick,Johnson,Male,2019-12-19,38000.0,,,Lead,10.0,2.0,0
2406,Ivy,Rodriguez,Male,2023-07-18,38000.0,5.0,1005.0,Associate,10.0,3.0,1
2407,Jack,Kim,Female,2022-12-04,61000.0,11.0,1027.0,Lead,4.0,1.0,1
2408,Bob,Patel,Female,2018-02-13,135000.0,5.0,1008.0,Analyst,9.0,3.0,0
2409,Grace,Brown,Female,2020-04-06,135000.0,12.0,1035.0,Analyst,10.0,3.0,0
2410,Nick,Davis,Male,2023-10-24,160000.0,9.0,1007.0,Senior Analyst,4.0,3.0,0
2411,Charlie,Brown,Female,2021-03-17,45000.0,1.0,1009.0,Analyst,11.0,5.0,0
2412,Diana,Garcia,Male,2020-03-08,52000.0,1.0,1001.0,Analyst,8.0,3.0,0
2413,Eve,Garcia,Male,2018-05-18,38000.0,2.0,1021.0,Senior Analyst,7.0,3.0,0
2414,Grace,Garcia,Female,2023-09-23,160000.0,1.0,1013.0,Lead,7.0,3.0,0
2415,Frank,Brown,Male,2023-10-14,52000.0,1.0,1009.0,Lead,6.0,4.0,0
2416,Nick,Garcia,Female,2020-08-06,38000.0,10.0,1018.0,Analyst,9.0,3.0,0
2417,Eve,Smith,Male,2019-11-26,45000.0,8.0,1001.0,Associate,5.0,4.0,0
2418,Olivia,Kim,Male,2018-05-28,52000.0,11.0,1036.0,Associate,8.0,3.0,0
2419,Grace,Johnson,Male,2022-01-13,45000.0,,,Senior Analyst,8.0,4.0,0
2420,Mona,Patel,Male,2020-09-06,45000.0,9.0,1007.0,Analyst,6.0,4.0,0
2421,Henry,Kim,Male,2018-01-02,160000.0,11.0,1006.0,Lead,6.0,2.0,0
2422,Laura,Davis,Female,2019-10-07,61000.0,11.0,1027.0,Senior Analyst,11.0,3.0,0
2423,Alice,Davis,Female,2018-12-22,61000.0,5.0,1028.0,Senior Analyst,9.0,4.0,1
2424,Olivia,Brown,Female,2021-02-04,98000.0,3.0,1014.0,Analyst,13.0,4.0,0
2425,Diana,Brown,Male,2022-06-25,160000.0,3.0,1024.0,Analyst,7.0,4.0,1
2426,Bob,Lee,Female,2021-12-17,85000.0,3.0,1032.0,Director,5.0,4.0,0
2427,Olivia,Wilson,Female,2022-06-07,61000.0,3.0,1043.0,Analyst,10.0,4.0,0
2428,Alice,Rodriguez,Female,2022-07-19,160000.0,3.0,1043.0,Lead,7.0,4.0,0
2429,Alice,Brown,Male,2020-03-31,45000.0,,,Analyst,9.0,3.0,0
2430,Diana,Lee,Male,2023-10-22,52000.0,11.0,1036.0,Senior Analyst,10.0,2.0,0
2431,Mona,Smith,Female,2018-03-04,52000.0,1.0,1009.0,Lead,7.0,4.0,0
2432,Jack,Garcia,Female,2018-10-09,135000.0,3.0,1014.0,Manager,6.0,5.0,0
2433,Diana,Garcia,Male,2019-01-05,61000.0,1.0,1009.0,Analyst,8.0,5.0,1
2434,Henry,Wilson,Male,2030-04-18,38000.0,7.0,1039.0,Senior Analyst,7.0,5.0,0
2435,Bob,Martinez,Female,2021-11-26,160000.0,7.0,1011.0,Manager,6.0,4.0,0
2436,Olivia,Patel,Female,2021-11-24,52000.0,12.0,1030.0,Lead,10.0,4.0,0
2437,Grace,Davis,Male,2021-02-06,112000.0,3.0,1042.0,Lead,9.0,4.0,0
2438,Diana,Lee,Female,2020-07-15,38000.0,12.0,1040.0,Senior Analyst,4.0,3.0,0
2439,Frank,Brown,Female,2020-03-07,45000.0,,,Analyst,9.0,4.0,0
2440,Jack,Wilson,Male,2023-02-06,160000.0,1.0,1026.0,Lead,14.0,3.0,0
2441,Olivia,Lee,Female,2022-07-13,98000.0,12.0,1010.0,Manager,5.0,3.0,0
2442,Kevin,Patel,Female,2018-01-20,112000.0,9.0,1031.0,Analyst,11.0,4.0,0
2443,Laura,Patel,Male,2020-12-05,61000.0,7.0,1025.0,Analyst,2.0,4.0,0
2444,Charlie,Patel,Male,2019-12-18,73000.0,6.0,1034.0,Associate,4.0,3.0,1
2445,Eve,Lee,Male,2022-07-26,98000.0,12.0,1004.0,Associate,9.0,3.0,1
2446,Ivy,Garcia,Female,2023-09-05,52000.0,10.0,1037.0,Associate,2.0,5.0,1
2447,Nick,Brown,Female,2019-03-13,38000.0,12.0,1010.0,Associate,10.0,4.0,0
2448,Ivy,Garcia,Male,2018-10-24,112000.0,,,Associate,8.0,4.0,0
2449,Nick,Davis,Male,2023-08-23,45000.0,10.0,1037.0,Analyst,13.0,3.0,0
2450,Frank,Martinez,Female,2021-04-20,73000.0,,,Senior Analyst,6.0,3.0,0
2451,Olivia,Wilson,Male,2021-10-24,38000.0,9.0,1007.0,Analyst,11.0,2.0,0
2452,Charlie,Garcia,Female,2019-04-25,61000.0,10.0,1018.0,Manager,7.0,4.0,1
2453,Ivy,Brown,Female,2023-10-04,135000.0,9.0,1016.0,Senior Analyst,4.0,4.0,0
2454,Mona,Rodriguez,Male,2020-11-21,160000.0,1.0,1045.0,Associate,4.0,3.0,0
2455,Diana,Garcia,Male,2020-10-21,135000.0,11.0,1006.0,Analyst,4.0,3.0,0
2456,Kevin,Patel,Male,2022-12-19,112000.0,9.0,1031.0,Associate,6.0,1.0,0
2457,Eve,Rodriguez,Male,2022-03-25,61000.0,7.0,1033.0,Lead,5.0,4.0,0
2458,Kevin,Garcia,Female,2023-06-04,61000.0,,,Lead,11.0,1.0,0
2459,Mona,Garcia,Male,2020-09-23,52000.0,3.0,1015.0,Analyst,11.0,4.0,0
2460,Laura,Brown,Male,2021-10-23,112000.0,8.0,1001.0,Manager,4.0,4.0,0
2461,Ivy,Wilson,Female,2023-02-23,52000.0,10.0,1037.0,Associate,6.0,4.0,0
2462,Alice,Davis,Male,2023-03-03,38000.0,12.0,1040.0,Senior Analyst,7.0,4.0,0
2463,Henry,Wilson,Female,2018-04-23,85000.0,7.0,1033.0,Senior Analyst,6.0,3.0,1
2464,Jack,Martinez,Female,2023-05-29,98000.0,,,Associate,8.0,4.0,0
2465,Bob,Lee,Female,2019-04-22,160000.0,11.0,1036.0,Associate,7.0,4.0,0
2466,Jack,Garcia,Male,2020-11-22,112000.0,1.0,1045.0,Manager,4.0,2.0,1
2467,Alice,Rodriguez,Male,2018-10-04,38000.0,1.0,1026.0,Analyst,8.0,4.0,0
2468,Grace,Kim,Male,2022-04-17,52000.0,10.0,1018.0,Lead,4.0,5.0,0
2469,Henry,Kim,Male,2020-06-21,38000.0,4.0,1023.0,Analyst,13.0,3.0,0
2470,Grace,Rodriguez,Male,2020-07-30,45000.0,3.0,1043.0,Senior Analyst,7.0,4.0,1
2471,Frank,Rodriguez,Female,2021-07-17,61000.0,9.0,1031.0,Associate,7.0,4.0,0
2472,Nick,Martinez,Female,2022-08-17,160000.0,4.0,1003.0,Lead,6.0,4.0,0
2473,Grace,Wilson,Male,2021-12-17,98000.0,8.0,1001.0,Analyst,9.0,4.0,0
2474,Charlie,Wilson,Male,2023-10-17,85000.0,7.0,1039.0,Lead,7.0,3.0,0
2475,Charlie,Garcia,Male,2018-02-09,45000.0,9.0,1016.0,Lead,7.0,3.0,1
2476,Henry,Garcia,Female,2020-12-14,45000.0,6.0,1034.0,Associate,10.0,4.0,0
2477,Jack,Brown,Female,2020-10-13,98000.0,10.0,1018.0,VP,10.0,4.0,0
2478,Jack,Rodriguez,Female,2021-03-22,98000.0,3.0,1043.0,Senior Analyst,10.0,5.0,0
2479,Nick,Wilson,Female,2019-01-16,45000.0,10.0,1037.0,Analyst,3.0,3.0,0
2480,Laura,Kim,Female,2022-06-23,112000.0,6.0,1034.0,Analyst,9.0,4.0,1
2481,Grace,Brown,Female,2021-11-01,98000.0,,,Associate,10.0,3.0,1
2482,Mona,Garcia,Male,2018-11-08,160000.0,7.0,1041.0,Associate,10.0,2.0,0
2483,Ivy,Davis,Male,2020-01-02,98000.0,,,Manager,8.0,3.0,1
2484,Eve,Patel,Male,2023-05-06,112000.0,9.0,1016.0,Analyst,9.0,3.0,0
2485,Diana,Kim,Male,2021-07-09,85000.0,3.0,1042.0,Associate,14.0,3.0,1
2486,Olivia,Martinez,Male,2021-12-19,61000.0,12.0,1004.0,Associate,9.0,3.0,0
2487,Eve,Johnson,Female,2020-06-14,38000.0,4.0,1012.0,Associate,11.0,3.0,0
2488,Grace,Smith,Female,2021-01-07,38000.0,4.0,1003.0,Analyst,9.0,5.0,0
2489,Laura,Rodriguez,Female,2020-01-19,45000.0,1.0,1013.0,Senior Analyst,4.0,4.0,0
2490,Ivy,Smith,Male,2020-02-18,112000.0,9.0,1016.0,Analyst,8.0,2.0,0
2491,Kevin,Rodriguez,Female,2023-08-06,85000.0,8.0,1001.0,Analyst,13.0,4.0,1
2492,Frank,Wilson,Male,2020-03-28,73000.0,4.0,1020.0,Associate,3.0,4.0,1
2493,Henry,Martinez,Male,2020-08-19,160000.0,,,Associate,9.0,5.0,0
2494,Eve,Lee,Female,2020-09-18,160000.0,2.0,1019.0,Senior Analyst,8.0,3.0,0
2495,Henry,Davis,Female,2020-12-23,61000.0,4.0,1023.0,Analyst,7.0,4.0,1
2496,Frank,Lee,Female,2020-04-26,135000.0,3.0,1015.0,Senior Analyst,5.0,5.0,0
2497,Diana,Brown,Female,2020-07-27,61000.0,1.0,1013.0,Lead,2.0,3.0,0
2498,Eve,Lee,Female,2020-04-10,112000.0,7.0,1011.0,VP,6.0,5.0,0
2499,Ivy,Johnson,Male,2020-10-19,98000.0,10.0,1037.0,Senior Analyst,4.0,4.0,0
2500,Nick,Martinez,Female,2021-12-29,61000.0,7.0,1002.0,Analyst,8.0,5.0,0
2501,Ivy,Lee,Female,2019-10-01,98000.0,2.0,1044.0,Associate,10.0,3.0,0
2502,Henry,Smith,Male,2019-03-13,160000.0,5.0,1008.0,Lead,7.0,3.0,0
2503,Charlie,Davis,Male,2019-05-07,160000.0,1.0,1026.0,Associate,9.0,3.0,0
2504,Diana,Lee,Male,2018-11-18,98000.0,,,Senior Analyst,6.0,5.0,1
2505,Grace,Lee,Male,2023-07-11,38000.0,1.0,1001.0,Associate,8.0,3.0,0
2506,Ivy,Johnson,Female,2018-01-28,135000.0,9.0,1007.0,Analyst,7.0,4.0,0
2507,Diana,Kim,Female,2018-06-23,135000.0,,,Analyst,2.0,3.0,0
2508,Henry,Garcia,Male,2023-05-30,45000.0,8.0,1001.0,Analyst,9.0,3.0,0
2509,Kevin,Wilson,Female,2022-03-01,61000.0,,,Senior Analyst,5.0,3.0,0
2510,Grace,Johnson,Female,2021-07-15,38000.0,3.0,1015.0,Manager,11.0,4.0,0
2511,Alice,Rodriguez,Female,2023-07-10,98000.0,11.0,1027.0,Analyst,10.0,4.0,0
2512,Eve,Rodriguez,Female,2021-01-30,52000.0,8.0,1001.0,Senior Analyst,7.0,2.0,0
2513,Grace,Johnson,Female,2023-07-04,61000.0,11.0,1006.0,VP,9.0,5.0,0
2514,Diana,Wilson,Male,2020-01-20,45000.0,1.0,1001.0,Associate,5.0,4.0,0
2515,Jack,Davis,Female,2023-09-25,73000.0,2.0,1019.0,Senior Analyst,6.0,4.0,0
2516,Frank,Garcia,Female,2021-02-21,112000.0,2.0,1021.0,Analyst,4.0,4.0,0
2517,Ivy,Wilson,Male,2022-06-18,160000.0,10.0,1022.0,Senior Analyst,8.0,3.0,1
2518,Frank,Martinez,Male,2020-06-28,112000.0,,,Associate,9.0,3.0,0
2519,Olivia,Kim,Female,2019-06-10,52000.0,11.0,1006.0,VP,8.0,4.0,0
2520,Ivy,Kim,Male,2018-08-10,98000.0,1.0,1045.0,Senior Analyst,9.0,3.0,0
2521,Frank,Smith,Male,2023-11-24,85000.0,,,Analyst,4.0,4.0,1
2522,Grace,Martinez,Male,2022-09-30,38000.0,4.0,1020.0,Analyst,9.0,1.0,0
2523,Eve,Wilson,Female,2023-05-14,45000.0,5.0,1028.0,Associate,10.0,4.0,0
2524,Diana,Lee,Male,2018-05-14,85000.0,2.0,1019.0,Senior Analyst,7.0,3.0,0
2525,Kevin,Martinez,Male,2023-08-21,73000.0,11.0,1006.0,Lead,5.0,4.0,0
2526,Eve,Davis,Female,2021-11-23,73000.0,3.0,1032.0,Associate,8.0,3.0,0
2527,Laura,Smith,Female,2022-06-01,160000.0,9.0,1007.0,Associate,9.0,5.0,0
2528,Olivia,Rodriguez,Female,2019-12-17,61000.0,,,Senior Analyst,9.0,3.0,0
2529,Kevin,Patel,Male,2023-02-16,45000.0,1.0,1013.0,Associate,7.0,4.0,1
2530,Charlie,Davis,Female,2019-05-09,85000.0,8.0,1001.0,Lead,5.0,4.0,0
2531,Laura,Rodriguez,Male,2023-10-24,38000.0,3.0,1024.0,Lead,10.0,4.0,0
2532,Eve,Smith,Male,2023-02-28,85000.0,4.0,1029.0,Associate,6.0,3.0,0
2533,Ivy,Davis,Male,2021-07-16,45000.0,7.0,1025.0,Analyst,10.0,4.0,1
2534,Laura,Martinez,Male,2018-02-04,112000.0,4.0,1003.0,Lead,4.0,3.0,0
2535,Ivy,Lee,Female,2018-02-18,85000.0,10.0,1037.0,Associate,7.0,3.0,1
2536,Olivia,Martinez,Female,2020-05-13,135000.0,7.0,1041.0,Lead,12.0,4.0,0
2537,Mona,Davis,Female,2022-04-04,135000.0,9.0,1007.0,Senior Analyst,8.0,4.0,0
2538,Eve,Kim,Male,2019-02-17,61000.0,11.0,1036.0,Lead,7.0,4.0,0
2539,Frank,Smith,Female,2021-08-25,85000.0,9.0,1016.0,Analyst,6.0,5.0,1
2540,Eve,Kim,Female,2022-01-21,45000.0,9.0,1031.0,Senior Analyst,12.0,3.0,0
2541,Kevin,Brown,Female,2020-11-29,160000.0,9.0,1007.0,Analyst,5.0,5.0,0
2542,Bob,Rodriguez,Female,2020-02-06,61000.0,5.0,1005.0,Lead,6.0,3.0,0
2543,Alice,Kim,Male,2020-12-12,61000.0,4.0,1003.0,Senior Analyst,5.0,4.0,0
2544,Alice,Patel,Male,2020-08-29,73000.0,,,Analyst,10.0,4.0,0
2545,Eve,Wilson,Female,2021-01-08,98000.0,9.0,1007.0,Associate,10.0,4.0,1
2546,Olivia,Garcia,Female,2023-04-15,45000.0,3.0,1032.0,Associate,5.0,3.0,0
2547,Jack,Davis,Female,2021-11-06,112000.0,7.0,1038.0,Analyst,11.0,4.0,0
2548,Laura,Johnson,Male,2022-02-07,135000.0,4.0,1003.0,Senior Analyst,8.0,3.0,0
2549,Bob,Garcia,Male,2020-01-24,112000.0,,,Senior Analyst,4.0,3.0,0
2550,Alice,Kim,Female,2023-08-05,135000.0,1.0,1009.0,Analyst,8.0,2.0,0
2551,Eve,Martinez,Female,2022-10-03,112000.0,3.0,1014.0,Analyst,3.0,4.0,0
2552,Henry,Kim,Male,2020-05-12,79000.0,4.0,1023.0,Lead,4.0,2.0,0
2553,Frank,Martinez,Female,2022-09-13,112000.0,7.0,1002.0,Analyst,6.0,4.0,1
2554,Olivia,Wilson,Male,2022-03-05,98000.0,,,Analyst,13.0,2.0,0
2555,Diana,Wilson,Female,2022-02-04,73000.0,1.0,1013.0,Analyst,6.0,3.0,0
2556,Mona,Smith,Male,2022-06-29,45000.0,12.0,1040.0,Director,5.0,4.0,0
2557,Bob,Kim,Female,2021-02-19,73000.0,1.0,1026.0,Analyst,4.0,5.0,0
2558,Alice,Kim,Female,2023-01-21,52000.0,,,Director,8.0,2.0,0
2559,Henry,Wilson,Female,2020-01-07,61000.0,1.0,1001.0,Senior Analyst,5.0,4.0,1
2560,Ivy,Lee,Female,2019-06-22,38000.0,1.0,1001.0,Analyst,6.0,4.0,0
2561,Kevin,Brown,Female,2020-07-25,135000.0,10.0,1037.0,Analyst,10.0,4.0,1
2562,Charlie,Wilson,Female,2019-02-14,112000.0,,,Manager,16.0,4.0,0
2563,Mona,Patel,Female,2021-01-10,112000.0,,,Manager,5.0,3.0,0
2564,Olivia,Patel,Male,2020-08-23,38000.0,9.0,1007.0,Analyst,10.0,4.0,1
2565,Bob,Kim,Male,2022-11-06,45000.0,,,Associate,6.0,3.0,1
2566,Diana,Patel,Female,2022-04-10,61000.0,1.0,1045.0,Analyst,10.0,2.0,1
2567,Ivy,Johnson,Male,2020-03-14,135000.0,,,Associate,6.0,4.0,0
2568,Grace,Rodriguez,Female,2019-08-21,98000.0,7.0,1002.0,Associate,9.0,4.0,0
2569,Ivy,Garcia,Male,2019-09-05,85000.0,11.0,1027.0,Manager,11.0,3.0,0
2570,Jack,Rodriguez,Male,2023-04-22,135000.0,12.0,1035.0,VP,4.0,4.0,0
2571,Laura,Smith,Female,2018-02-09,112000.0,11.0,1027.0,Senior Analyst,12.0,4.0,0
2572,Frank,Patel,Male,2019-12-25,160000.0,8.0,1001.0,Associate,10.0,4.0,1
2573,Nick,Patel,Female,2022-09-23,73000.0,7.0,1039.0,Senior Analyst,6.0,4.0,0
2574,Eve,Lee,Female,2023-08-09,73000.0,12.0,1010.0,Senior Analyst,12.0,4.0,1
2575,Ivy,Kim,Female,2019-07-05,85000.0,3.0,1042.0,Analyst,10.0,4.0,0
2576,Grace,Brown,Male,2023-10-19,38000.0,,,Analyst,6.0,3.0,0
2577,Ivy,Brown,Male,2023-12-28,73000.0,11.0,1036.0,Analyst,10.0,3.0,0
2578,Alice,Lee,Male,2021-07-17,52000.0,3.0,1042.0,Lead,8.0,4.0,0
2579,Olivia,Kim,Male,2023-06-17,52000.0,11.0,1006.0,Analyst,10.0,4.0,1
2580,Bob,Lee,Male,2021-05-13,73000.0,8.0,1001.0,Analyst,6.0,4.0,0
2581,Laura,Wilson,Female,2020-10-24,52000.0,11.0,1027.0,Senior Analyst,5.0,5.0,0
2582,Jack,Garcia,Female,2018-07-15,52000.0,11.0,1027.0,Senior Analyst,15.0,4.0,0
2583,Diana,Johnson,Female,2022-06-20,45000.0,1.0,1026.0,Analyst,11.0,3.0,0
2584,Bob,Wilson,Male,2019-02-10,85000.0,7.0,1011.0,Senior Analyst,6.0,3.0,1
2585,Diana,Rodriguez,Female,2019-11-01,112000.0,,,Associate,10.0,3.0,0
2586,Ivy,Davis,Male,2018-09-03,52000.0,3.0,1024.0,Associate,8.0,4.0,0
2587,Charlie,Martinez,Male,2020-06-01,38000.0,9.0,1031.0,Analyst,13.0,4.0,1
2588,Grace,Wilson,Male,2020-11-07,85000.0,4.0,1003.0,Senior Analyst,5.0,5.0,0
2589,Kevin,Wilson,Male,2023-05-06,112000.0,7.0,1041.0,Analyst,10.0,4.0,1
2590,Henry,Rodriguez,Female,2019-01-30,52000.0,9.0,1031.0,Associate,10.0,4.0,0
2591,Alice,Patel,Male,2023-01-17,45000.0,9.0,1016.0,Manager,2.0,4.0,0
2592,Eve,Lee,Female,2021-10-02,98000.0,3.0,1042.0,Senior Analyst,9.0,5.0,1
2593,Eve,Rodriguez,Male,2020-11-30,52000.0,10.0,1018.0,Manager,8.0,4.0,1
2594,Mona,Garcia,Female,2022-01-18,85000.0,1.0,1001.0,Analyst,12.0,4.0,0
2595,Bob,Garcia,Female,2022-01-15,135000.0,2.0,1019.0,Analyst,7.0,4.0,0
2596,Diana,Rodriguez,Female,2020-11-21,85000.0,1.0,1001.0,Senior Analyst,11.0,4.0,1
2597,Diana,Patel,Female,2021-11-10,73000.0,2.0,1044.0,Analyst,7.0,3.0,0
2598,Laura,Wilson,Female,2018-03-23,73000.0,7.0,1011.0,Senior Analyst,8.0,2.0,0
2599,Ivy,Rodriguez,Male,2022-08-14,160000.0,9.0,1031.0,Senior Analyst,10.0,2.0,0
2600,Mona,Martinez,Female,2019-05-12,160000.0,12.0,1010.0,Senior Analyst,7.0,4.0,0
2601,Charlie,Martinez,Male,2021-12-09,112000.0,2.0,1044.0,Senior Analyst,9.0,4.0,0
2602,Bob,Davis,Female,2020-03-25,45000.0,,,Senior Analyst,8.0,2.0,1
2603,Diana,Martinez,Male,2019-12-16,38000.0,11.0,1006.0,Associate,7.0,3.0,0
2604,Charlie,Wilson,Female,2021-03-11,135000.0,6.0,1034.0,Analyst,9.0,3.0,1
2605,Diana,Brown,Male,2021-12-25,38000.0,,,Lead,10.0,4.0,0
2606,Charlie,Martinez,Male,2021-08-24,61000.0,,,Associate,6.0,3.0,0
2607,Alice,Garcia,Female,2023-09-22,45000.0,3.0,1024.0,Lead,3.0,2.0,0
2608,Laura,Garcia,Male,2023-06-20,160000.0,5.0,1005.0,Associate,7.0,3.0,0
2609,Ivy,Kim,Male,2023-01-05,160000.0,,,Director,2.0,3.0,0
2610,Mona,Rodriguez,Male,2018-11-18,73000.0,11.0,1027.0,Analyst,10.0,4.0,0
2611,Nick,Johnson,Male,2022-04-10,45000.0,1.0,1045.0,Analyst,4.0,3.0,0
2612,Grace,Davis,Male,2021-03-19,112000.0,12.0,1035.0,Associate,7.0,4.0,0
2613,Henry,Davis,Female,2023-03-15,45000.0,12.0,1010.0,Senior Analyst,13.0,4.0,0
2614,Eve,Lee,Male,2019-08-17,98000.0,11.0,1006.0,Associate,7.0,5.0,1
2615,Grace,Garcia,Male,2019-11-18,85000.0,12.0,1010.0,Associate,8.0,3.0,1
2616,Eve,Johnson,Male,2021-10-13,135000.0,12.0,1004.0,Analyst,5.0,3.0,0
2617,Ivy,Davis,Female,2022-09-24,85000.0,3.0,1014.0,Manager,8.0,2.0,0
2618,Grace,Patel,Female,2022-07-16,98000.0,3.0,1015.0,Lead,8.0,3.0,0
2619,Ivy,Wilson,Male,2018-10-20,85000.0,10.0,1022.0,Analyst,6.0,4.0,1
2620,Nick,Wilson,Male,2018-11-21,85000.0,,,Lead,9.0,2.0,0
2621,Laura,Garcia,Male,2019-10-26,112000.0,3.0,1042.0,Analyst,13.0,3.0,0
2622,Jack,Davis,Female,2021-11-08,45000.0,9.0,1016.0,Analyst,9.0,5.0,1
2623,Alice,Patel,Female,2020-07-23,112000.0,10.0,1037.0,Director,10.0,4.0,1
2624,Diana,Smith,Male,2021-07-08,98000.0,7.0,1038.0,Analyst,11.0,2.0,0
2625,Kevin,Johnson,Male,2021-07-21,73000.0,11.0,1027.0,Director,8.0,2.0,0
2626,Mona,Patel,Male,2021-04-08,98000.0,,,Lead,7.0,2.0,0
2627,Ivy,Brown,Male,2020-12-31,98000.0,10.0,1037.0,Analyst,4.0,5.0,0
2628,Alice,Brown,Male,2022-06-08,160000.0,8.0,1001.0,Associate,3.0,4.0,0
2629,Laura,Wilson,Female,2021-01-16,52000.0,6.0,1034.0,Manager,10.0,4.0,0
2630,Mona,Kim,Male,2022-12-28,112000.0,9.0,1016.0,Senior Analyst,12.0,5.0,0
2631,Ivy,Smith,Male,2022-01-27,135000.0,4.0,1020.0,Lead,8.0,4.0,0
2632,Laura,Lee,Female,2023-11-04,45000.0,5.0,1028.0,Analyst,10.0,3.0,0
2633,Charlie,Smith,Female,2023-01-19,160000.0,8.0,1001.0,Associate,6.0,3.0,1
2634,Henry,Lee,Female,2030-04-18,45000.0,1.0,1013.0,Senior Analyst,6.0,4.0,0
2635,Grace,Smith,Male,2019-11-17,73000.0,3.0,1014.0,Analyst,8.0,5.0,1
2636,Eve,Patel,Male,2020-01-24,135000.0,9.0,1031.0,Analyst,8.0,3.0,1
2637,Olivia,Wilson,Female,2018-04-05,160000.0,6.0,1034.0,Analyst,11.0,4.0,0
2638,Grace,Garcia,Female,2019-05-28,52000.0,4.0,1003.0,Analyst,7.0,5.0,0
2639,Mona,Smith,Male,2020-08-19,98000.0,11.0,1006.0,Associate,9.0,3.0,0
2640,Olivia,Davis,Male,2020-10-27,112000.0,10.0,1037.0,Lead,10.0,5.0,0
2641,Henry,Rodriguez,Female,2018-11-24,73000.0,3.0,1042.0,Analyst,8.0,3.0,1
2642,Grace,Garcia,Female,2020-05-12,73000.0,,,Lead,4.0,4.0,0
2643,Eve,Kim,Female,2019-11-15,112000.0,7.0,1002.0,Senior Analyst,9.0,3.0,0
2644,Bob,Johnson,Female,2022-06-15,38000.0,11.0,1027.0,Lead,3.0,4.0,0
2645,Charlie,Johnson,Female,2019-02-26,73000.0,9.0,1016.0,Senior Analyst,12.0,4.0,0
2646,Grace,Wilson,Male,2019-01-27,112000.0,,,Manager,9.0,3.0,0
2647,Henry,Martinez,Female,2018-09-19,73000.0,11.0,1006.0,Associate,7.0,5.0,0
2648,Jack,Rodriguez,Male,2023-04-23,112000.0,11.0,1006.0,Senior Analyst,9.0,4.0,0
2649,Grace,Patel,Male,2018-08-09,61000.0,12.0,1010.0,Analyst,4.0,4.0,0
2650,Laura,Davis,Male,2018-04-18,73000.0,2.0,1019.0,Senior Analyst,6.0,3.0,1
2651,Alice,Patel,Male,2022-06-15,45000.0,3.0,1024.0,Senior Analyst,5.0,5.0,0
2652,Bob,Rodriguez,Female,2023-11-17,85000.0,11.0,1006.0,Senior Analyst,9.0,3.0,0
2653,Diana,Patel,Female,2018-12-07,160000.0,7.0,1041.0,Analyst,12.0,3.0,0
2654,Bob,Smith,Male,2019-03-02,73000.0,11.0,1036.0,Senior Analyst,5.0,3.0,0
2655,Laura,Rodriguez,Male,2020-12-11,112000.0,2.0,1044.0,Analyst,8.0,3.0,0
2656,Mona,Davis,Female,2019-09-29,45000.0,8.0,1001.0,Manager,7.0,5.0,0
2657,Mona,Johnson,Male,2018-12-12,160000.0,5.0,1028.0,Senior Analyst,10.0,3.0,0
2658,Alice,Davis,Male,2022-05-16,73000.0,7.0,1038.0,Associate,8.0,3.0,0
2659,Nick,Johnson,Female,2021-06-21,38000.0,9.0,1031.0,Lead,8.0,4.0,0
2660,Grace,Rodriguez,Female,2020-07-28,112000.0,7.0,1033.0,Senior Analyst,10.0,4.0,0
2661,Alice,Patel,Male,2020-10-10,52000.0,8.0,1001.0,Associate,10.0,4.0,0
2662,Henry,Johnson,Female,2021-03-09,38000.0,7.0,1038.0,Associate,7.0,3.0,0
2663,Jack,Rodriguez,Female,2022-12-21,98000.0,6.0,1034.0,Associate,8.0,4.0,0
2664,Henry,Davis,Male,2019-06-02,85000.0,12.0,1004.0,Associate,12.0,3.0,0
2665,Grace,Martinez,Female,2019-06-22,73000.0,1.0,1026.0,Associate,2.0,5.0,0
2666,Alice,Rodriguez,Female,2023-11-28,45000.0,9.0,1007.0,Analyst,11.0,4.0,0
2667,Eve,Garcia,Male,2019-11-30,52000.0,9.0,1016.0,Director,10.0,4.0,1
2668,Bob,Wilson,Female,2018-04-28,160000.0,11.0,1006.0,Associate,7.0,3.0,0
2669,Eve,Patel,Male,2018-05-24,135000.0,9.0,1007.0,Senior Analyst,15.0,3.0,0
2670,Nick,Patel,Female,2022-01-01,85000.0,12.0,1010.0,Manager,5.0,3.0,0
2671,Henry,Lee,Male,2021-08-25,73000.0,,,Analyst,2.0,3.0,0
2672,Alice,Garcia,Male,2023-05-05,85000.0,4.0,1012.0,Senior Analyst,9.0,3.0,0
2673,Jack,Johnson,Male,2023-03-29,160000.0,3.0,1032.0,Analyst,14.0,4.0,0
2674,Laura,Lee,Female,2021-01-20,52000.0,6.0,1034.0,Associate,7.0,3.0,0
2675,Kevin,Davis,Male,2022-12-28,135000.0,3.0,1015.0,Lead,5.0,4.0,0
2676,Eve,Martinez,Female,2019-07-08,112000.0,10.0,1022.0,Lead,9.0,2.0,0
2677,Alice,Smith,Female,2019-12-27,52000.0,,,Senior Analyst,8.0,3.0,0
2678,Grace,Wilson,Female,2023-02-14,52000.0,2.0,1044.0,Analyst,9.0,4.0,0
2679,Diana,Brown,Female,2022-11-17,61000.0,2.0,1021.0,Analyst,8.0,4.0,0
2680,Mona,Rodriguez,Female,2023-11-15,135000.0,3.0,1043.0,Analyst,7.0,4.0,0
2681,Bob,Davis,Female,2023-12-27,135000.0,11.0,1027.0,Senior Analyst,8.0,2.0,0
2682,Olivia,Lee,Female,2021-06-22,135000.0,9.0,1007.0,Analyst,7.0,4.0,0
2683,Jack,Smith,Female,2021-11-23,45000.0,2.0,1021.0,Analyst,10.0,3.0,0
2684,Charlie,Brown,Female,2023-05-27,45000.0,,,Manager,8.0,3.0,0
2685,Nick,Patel,Male,2020-07-19,52000.0,12.0,1010.0,Lead,5.0,4.0,0
2686,Eve,Wilson,Male,2019-01-02,112000.0,1.0,1001.0,Analyst,6.0,3.0,0
2687,Kevin,Davis,Female,2022-12-15,85000.0,10.0,1022.0,Manager,8.0,2.0,0
2688,Grace,Lee,Female,2021-06-15,112000.0,12.0,1004.0,Senior Analyst,8.0,4.0,0
2689,Henry,Smith,Female,2022-02-07,160000.0,5.0,1005.0,Manager,9.0,4.0,0
2690,Henry,Patel,Male,2022-08-16,85000.0,1.0,1013.0,Analyst,11.0,2.0,0
2691,Grace,Garcia,Female,2020-11-30,73000.0,1.0,1001.0,Associate,12.0,4.0,0
2692,Charlie,Martinez,Male,2019-09-30,45000.0,2.0,1044.0,Senior Analyst,9.0,2.0,1
2693,Charlie,Martinez,Female,2021-05-28,52000.0,,,Senior Analyst,5.0,4.0,0
2694,Ivy,Johnson,Male,2018-02-13,73000.0,,,Associate,3.0,4.0,0
2695,Laura,Rodriguez,Female,2018-01-01,52000.0,2.0,1019.0,Analyst,13.0,3.0,0
2696,Charlie,Lee,Male,2023-11-14,98000.0,3.0,1015.0,Analyst,12.0,1.0,0
2697,Bob,Rodriguez,Female,2019-07-13,45000.0,3.0,1024.0,Analyst,16.0,2.0,0
2698,Laura,Brown,Female,2021-11-09,112000.0,3.0,1032.0,Lead,8.0,4.0,0
2699,Mona,Brown,Female,2021-03-20,38000.0,12.0,1010.0,Analyst,13.0,4.0,1
2700,Frank,Martinez,Male,2023-04-06,38000.0,4.0,1029.0,Associate,10.0,3.0,0
2701,Laura,Davis,Male,2018-02-04,135000.0,3.0,1024.0,Associate,8.0,3.0,0
2702,Eve,Lee,Female,2023-07-08,112000.0,3.0,1014.0,Associate,13.0,3.0,0
2703,Alice,Davis,Female,2023-05-09,73000.0,9.0,1007.0,VP,10.0,3.0,0
2704,Kevin,Rodriguez,Female,2021-05-12,73000.0,5.0,1008.0,Senior Analyst,12.0,3.0,0
2705,Mona,Garcia,Female,2018-02-07,45000.0,11.0,1006.0,Manager,8.0,4.0,0
2706,Ivy,Patel,Male,2022-10-30,160000.0,3.0,1024.0,VP,9.0,4.0,0
2707,Jack,Kim,Male,2021-04-14,61000.0,12.0,1010.0,Manager,9.0,5.0,0
2708,Mona,Brown,Male,2020-08-05,85000.0,9.0,1007.0,Senior Analyst,6.0,5.0,1
2709,Grace,Brown,Male,2018-01-30,52000.0,2.0,1021.0,Analyst,6.0,4.0,0
2710,Henry,Martinez,Male,2022-03-11,73000.0,6.0,1034.0,Associate,11.0,4.0,0
2711,Eve,Johnson,Female,2020-02-12,85000.0,,,Analyst,7.0,5.0,0
2712,Laura,Wilson,Female,2022-08-14,135000.0,,,Manager,11.0,2.0,1
2713,Frank,Brown,Female,2022-11-26,160000.0,7.0,1038.0,Lead,10.0,1.0,0
2714,Nick,Smith,Male,2022-06-05,160000.0,7.0,1025.0,Manager,7.0,1.0,0
2715,Nick,Kim,Female,2020-10-20,160000.0,,,Analyst,5.0,4.0,1
2716,Olivia,Wilson,Male,2019-10-31,135000.0,9.0,1007.0,Associate,3.0,4.0,0
2717,Diana,Patel,Male,2022-05-16,61000.0,1.0,1009.0,Analyst,5.0,3.0,0
2718,Frank,Garcia,Male,2022-03-30,52000.0,,,Associate,4.0,4.0,0
2719,Mona,Wilson,Male,2020-06-22,135000.0,3.0,1014.0,Analyst,9.0,4.0,0
2720,Grace,Patel,Female,2020-12-13,45000.0,9.0,1007.0,Associate,11.0,2.0,1
2721,Eve,Kim,Male,2018-11-21,135000.0,3.0,1024.0,Analyst,2.0,3.0,0
2722,Henry,Lee,Male,2022-09-26,112000.0,1.0,1001.0,Director,11.0,1.0,0
2723,Nick,Garcia,Female,2020-09-08,160000.0,3.0,1014.0,Associate,13.0,3.0,1
2724,Frank,Lee,Female,2023-10-18,45000.0,12.0,1010.0,Senior Analyst,10.0,4.0,0
2725,Olivia,Lee,Female,2021-01-18,85000.0,3.0,1032.0,Lead,10.0,4.0,0
2726,Laura,Davis,Male,2021-03-12,98000.0,3.0,1043.0,Lead,10.0,4.0,0
2727,Jack,Johnson,Male,2023-12-19,61000.0,3.0,1014.0,Lead,11.0,4.0,0
2728,Charlie,Garcia,Male,2021-01-06,85000.0,7.0,1038.0,Analyst,11.0,4.0,0
2729,Olivia,Smith,Female,2022-08-19,45000.0,,,Associate,8.0,4.0,1
2730,Bob,Patel,Male,2020-02-10,112000.0,7.0,1025.0,Analyst,7.0,4.0,0
2731,Olivia,Patel,Male,2018-10-08,73000.0,9.0,1016.0,Analyst,8.0,4.0,0
2732,Eve,Garcia,Male,2020-01-18,38000.0,,,Senior Analyst,6.0,4.0,0
2733,Bob,Patel,Male,2019-07-14,112000.0,8.0,1001.0,Associate,11.0,3.0,0
2734,Mona,Lee,Male,2021-04-01,73000.0,3.0,1015.0,Manager,7.0,4.0,0
2735,Bob,Kim,Female,2019-03-29,73000.0,3.0,1024.0,Manager,10.0,3.0,0
2736,Nick,Smith,Male,2023-02-09,112000.0,3.0,1024.0,Director,9.0,4.0,1
2737,Alice,Patel,Female,2023-01-29,98000.0,5.0,1008.0,Associate,11.0,3.0,0
2738,Charlie,Patel,Female,2021-01-19,98000.0,6.0,1034.0,Manager,6.0,3.0,0
2739,Nick,Garcia,Female,2023-07-09,45000.0,12.0,1004.0,Manager,5.0,5.0,0
2740,Olivia,Davis,Female,2020-02-09,112000.0,4.0,1003.0,Manager,6.0,3.0,0
2741,Bob,Smith,Female,2021-08-06,85000.0,7.0,1017.0,Lead,10.0,3.0,0
2742,Laura,Patel,Male,2018-03-21,112000.0,10.0,1018.0,Analyst,10.0,3.0,0
2743,Diana,Brown,Male,2019-09-16,98000.0,5.0,1008.0,Analyst,7.0,4.0,0
2744,Jack,Smith,Male,2018-07-23,45000.0,12.0,1010.0,Associate,5.0,4.0,1
2745,Frank,Smith,Female,2018-04-01,98000.0,9.0,1031.0,Analyst,4.0,4.0,0
2746,Bob,Martinez,Male,2020-02-01,160000.0,3.0,1032.0,Analyst,11.0,4.0,0
2747,Eve,Brown,Female,2019-02-23,52000.0,11.0,1036.0,Associate,13.0,3.0,0
2748,Kevin,Wilson,Female,2021-03-01,61000.0,8.0,1001.0,Senior Analyst,5.0,3.0,0
2749,Ivy,Lee,Male,2021-01-07,160000.0,8.0,1001.0,Associate,10.0,3.0,0
2750,Olivia,Lee,Male,2019-05-28,98000.0,7.0,1039.0,Analyst,5.0,4.0,0
2751,Jack,Davis,Female,2022-12-01,98000.0,7.0,1025.0,Associate,12.0,4.0,0
2752,Nick,Kim,Female,2018-02-03,73000.0,11.0,1006.0,Analyst,10.0,3.0,0
2753,Henry,Davis,Female,2020-08-11,160000.0,2.0,1044.0,Associate,10.0,3.0,0
2754,Ivy,Lee,Female,2019-01-05,98000.0,4.0,1029.0,Manager,4.0,3.0,0
2755,Jack,Lee,Female,2019-09-10,160000.0,1.0,1009.0,Associate,5.0,4.0,0
2756,Diana,Martinez,Female,2018-03-02,112000.0,11.0,1036.0,Manager,13.0,1.0,1
2757,Kevin,Martinez,Male,2023-07-15,52000.0,3.0,1024.0,Analyst,6.0,1.0,0
2758,Eve,Martinez,Female,2020-06-08,45000.0,,,Lead,12.0,3.0,0
2759,Diana,Rodriguez,Male,2021-11-01,112000.0,8.0,1001.0,Analyst,5.0,4.0,0
2760,Bob,Wilson,Male,2022-09-18,52000.0,12.0,1030.0,Associate,10.0,4.0,1
2761,Olivia,Wilson,Male,2021-06-30,38000.0,,,Associate,4.0,4.0,0
2762,Laura,Patel,Male,2023-08-04,112000.0,12.0,1010.0,Associate,11.0,4.0,0
2763,Kevin,Lee,Female,2022-03-02,52000.0,,,Manager,5.0,4.0,0
2764,Bob,Kim,Male,2023-03-15,85000.0,6.0,1034.0,Associate,8.0,5.0,0
2765,Charlie,Kim,Male,2018-05-10,160000.0,9.0,1031.0,Analyst,9.0,3.0,0
2766,Eve,Garcia,Male,2021-09-14,45000.0,3.0,1024.0,VP,10.0,4.0,0
2767,Alice,Wilson,Female,2018-11-25,135000.0,3.0,1015.0,Senior Analyst,4.0,4.0,0
2768,Eve,Kim,Male,2019-08-22,112000.0,7.0,1041.0,Associate,7.0,3.0,0
2769,Alice,Kim,Female,2018-08-18,112000.0,9.0,1007.0,Analyst,7.0,4.0,0
2770,Frank,Davis,Female,2020-12-27,73000.0,4.0,1003.0,Senior Analyst,4.0,3.0,0
2771,Grace,Garcia,Female,2022-05-27,135000.0,9.0,1016.0,Analyst,18.0,3.0,0
2772,Diana,Martinez,Male,2018-10-20,38000.0,,,Manager,7.0,3.0,0
2773,Grace,Wilson,Male,2023-04-10,45000.0,9.0,1031.0,Senior Analyst,7.0,3.0,1
2774,Kevin,Martinez,Female,2020-01-14,85000.0,11.0,1036.0,Analyst,1.0,3.0,0
2775,Charlie,Kim,Female,2020-02-27,112000.0,12.0,1004.0,Analyst,8.0,4.0,0
2776,Charlie,Lee,Male,2020-10-21,38000.0,,,Analyst,8.0,4.0,0
2777,Jack,Kim,Male,2022-04-12,73000.0,9.0,1007.0,Associate,6.0,4.0,0
2778,Frank,Smith,Male,2018-02-21,52000.0,12.0,1040.0,Associate,9.0,3.0,0
2779,Kevin,Davis,Male,2019-05-15,52000.0,,,Analyst,4.0,4.0,0
2780,Henry,Martinez,Male,2020-10-16,98000.0,,,Senior Analyst,6.0,4.0,1
2781,Ivy,Smith,Male,2022-04-26,45000.0,2.0,1021.0,Manager,12.0,3.0,0
2782,Diana,Brown,Male,2022-12-20,112000.0,6.0,1034.0,Director,15.0,4.0,0
2783,Jack,Brown,Female,2020-10-09,135000.0,3.0,1032.0,VP,3.0,4.0,1
2784,Grace,Wilson,Female,2018-05-18,112000.0,1.0,1045.0,Analyst,9.0,4.0,1
2785,Kevin,Kim,Male,2020-03-26,52000.0,10.0,1022.0,Associate,6.0,3.0,0
2786,Nick,Lee,Female,2023-03-03,98000.0,11.0,1006.0,Associate,5.0,3.0,0
2787,Grace,Lee,Male,2019-01-20,160000.0,,,Senior Analyst,4.0,4.0,0
2788,Eve,Brown,Female,2023-11-05,160000.0,2.0,1021.0,Analyst,13.0,5.0,0
2789,Ivy,Lee,Male,2020-05-03,73000.0,,,Lead,7.0,3.0,0
2790,Bob,Brown,Female,2023-04-21,38000.0,10.0,1037.0,Lead,8.0,5.0,0
2791,Olivia,Rodriguez,Female,2022-05-13,52000.0,11.0,1027.0,Associate,8.0,3.0,1
2792,Olivia,Kim,Female,2021-07-02,85000.0,,,Senior Analyst,9.0,3.0,0
2793,Eve,Martinez,Male,2021-08-16,160000.0,10.0,1037.0,Senior Analyst,10.0,3.0,0
2794,Olivia,Garcia,Male,2019-10-12,85000.0,4.0,1023.0,Lead,14.0,4.0,0
2795,Kevin,Wilson,Male,2018-06-22,98000.0,12.0,1035.0,Analyst,3.0,3.0,0
2796,Grace,Martinez,Female,2023-11-04,85000.0,4.0,1023.0,Director,4.0,3.0,0
2797,Eve,Garcia,Female,2019-05-16,38000.0,1.0,1013.0,Lead,8.0,5.0,0
2798,Olivia,Martinez,Female,2020-11-03,61000.0,12.0,1040.0,Analyst,9.0,5.0,0
2799,Mona,Kim,Male,2023-05-26,73000.0,4.0,1023.0,Associate,13.0,3.0,0
2800,Bob,Johnson,Male,2021-05-08,45000.0,12.0,1040.0,Analyst,5.0,3.0,0
2801,Frank,Brown,Female,2020-03-24,45000.0,4.0,1003.0,Senior Analyst,8.0,4.0,0
2802,Frank,Lee,Male,2022-01-16,38000.0,,,Analyst,4.0,4.0,0
2803,Eve,Davis,Female,2018-08-02,38000.0,3.0,1015.0,Lead,8.0,3.0,0
2804,Kevin,Rodriguez,Male,2020-06-11,98000.0,,,Associate,5.0,5.0,0
2805,Alice,Rodriguez,Female,2019-04-08,98000.0,12.0,1010.0,Senior Analyst,12.0,2.0,0
2806,Mona,Garcia,Male,2020-08-24,112000.0,2.0,1019.0,Analyst,6.0,4.0,0
2807,Frank,Davis,Male,2022-11-14,85000.0,9.0,1016.0,Associate,9.0,3.0,0
2808,Alice,Smith,Male,2021-08-22,98000.0,,,Analyst,8.0,4.0,0
2809,Mona,Martinez,Female,2018-03-03,45000.0,7.0,1025.0,Analyst,12.0,3.0,0
2810,Laura,Smith,Male,2019-11-17,45000.0,3.0,1032.0,Associate,11.0,4.0,1
2811,Olivia,Smith,Female,2021-02-04,61000.0,7.0,1025.0,Senior Analyst,6.0,5.0,0
2812,Nick,Johnson,Female,2019-05-06,135000.0,7.0,1033.0,Senior Analyst,7.0,4.0,0
2813,Laura,Brown,Female,2022-06-10,85000.0,11.0,1027.0,Analyst,3.0,4.0,0
2814,Mona,Smith,Male,2020-09-22,73000.0,10.0,1022.0,Analyst,10.0,3.0,0
2815,Nick,Johnson,Female,2018-02-06,98000.0,6.0,1034.0,Analyst,4.0,5.0,0
2816,Laura,Lee,Female,2018-06-22,45000.0,3.0,1024.0,Analyst,9.0,5.0,1
2817,Diana,Garcia,Female,2023-05-01,135000.0,10.0,1022.0,Senior Analyst,13.0,4.0,1
2818,Mona,Smith,Female,2019-09-27,73000.0,6.0,1034.0,Senior Analyst,13.0,4.0,0
2819,Diana,Wilson,Male,2022-03-02,160000.0,2.0,1019.0,Associate,11.0,5.0,1
2820,Charlie,Rodriguez,Male,2019-01-02,61000.0,,,Associate,11.0,3.0,0
2821,Diana,Rodriguez,Female,2020-10-15,45000.0,10.0,1018.0,Lead,6.0,4.0,0
2822,Laura,Wilson,Male,2019-10-08,160000.0,10.0,1022.0,Analyst,4.0,4.0,0
2823,Laura,Smith,Male,2023-08-10,85000.0,12.0,1035.0,Senior Analyst,11.0,4.0,0
2824,Kevin,Garcia,Female,2019-01-10,160000.0,8.0,1001.0,Senior Analyst,6.0,4.0,0
2825,Charlie,Patel,Female,2021-10-18,112000.0,12.0,1010.0,Analyst,3.0,4.0,0
2826,Bob,Smith,Female,2018-09-03,85000.0,7.0,1002.0,Lead,15.0,3.0,0
2827,Jack,Wilson,Female,2018-09-02,73000.0,1.0,1026.0,Senior Analyst,4.0,3.0,0
2828,Alice,Garcia,Female,2021-12-27,73000.0,6.0,1034.0,Analyst,14.0,3.0,0
2829,Laura,Kim,Female,2019-09-23,135000.0,7.0,1039.0,Analyst,7.0,4.0,0
2830,Alice,Garcia,Male,2019-03-16,98000.0,11.0,1027.0,Associate,7.0,4.0,0
2831,Frank,Wilson,Male,2019-05-31,160000.0,2.0,1021.0,Analyst,11.0,3.0,0
2832,Bob,Patel,Male,2023-06-22,135000.0,2.0,1021.0,Analyst,5.0,4.0,0
2833,Nick,Rodriguez,Male,2020-08-11,38000.0,3.0,1032.0,Analyst,8.0,5.0,1
2834,Eve,Johnson,Male,2021-07-21,135000.0,3.0,1024.0,Analyst,7.0,5.0,0
2835,Grace,Rodriguez,Male,2021-11-23,160000.0,11.0,1027.0,Analyst,3.0,5.0,1
2836,Diana,Garcia,Female,2022-12-02,112000.0,3.0,1024.0,Lead,7.0,4.0,0
2837,Laura,Lee,Female,2020-03-01,135000.0,10.0,1022.0,Associate,8.0,3.0,0
2838,Nick,Brown,Male,2018-03-29,98000.0,7.0,1039.0,Associate,6.0,5.0,1
2839,Frank,Lee,Female,2022-03-28,38000.0,9.0,1007.0,Senior Analyst,5.0,3.0,0
2840,Henry,Kim,Male,2022-01-07,85000.0,12.0,1010.0,VP,8.0,4.0,0
2841,Eve,Martinez,Female,2019-07-06,61000.0,6.0,1034.0,Analyst,5.0,4.0,0
2842,Charlie,Smith,Female,2020-10-23,73000.0,12.0,1010.0,Associate,9.0,4.0,0
2843,Nick,Rodriguez,Male,2018-06-11,98000.0,6.0,1034.0,Analyst,6.0,3.0,0
2844,Olivia,Garcia,Female,2023-06-11,45000.0,4.0,1003.0,Associate,9.0,2.0,0
2845,Olivia,Lee,Female,2022-11-28,98000.0,,,Analyst,12.0,4.0,1
2846,Eve,Wilson,Female,2021-04-22,73000.0,3.0,1024.0,Analyst,12.0,3.0,0
2847,Nick,Kim,Male,2023-07-01,73000.0,1.0,1001.0,Associate,5.0,5.0,0
2848,Mona,Davis,Female,2020-02-17,61000.0,12.0,1030.0,Manager,8.0,4.0,1
2849,Henry,Smith,Male,2020-02-04,45000.0,1.0,1045.0,Senior Analyst,6.0,4.0,0
2850,Bob,Rodriguez,Male,2021-11-25,38000.0,12.0,1040.0,Analyst,4.0,5.0,0
2851,Laura,Wilson,Female,2021-08-18,73000.0,6.0,1034.0,Manager,6.0,4.0,0
2852,Diana,Smith,Male,2023-04-03,135000.0,,,Analyst,8.0,3.0,0
2853,Kevin,Patel,Female,2021-02-01,98000.0,11.0,1027.0,Analyst,5.0,3.0,0
2854,Kevin,Patel,Male,2019-10-19,38000.0,10.0,1018.0,Senior Analyst,7.0,4.0,0
2855,Frank,Garcia,Female,2018-10-10,73000.0,,,Associate,9.0,5.0,0
2856,Mona,Wilson,Male,2023-12-16,73000.0,5.0,1005.0,Analyst,7.0,4.0,1
2857,Ivy,Wilson,Female,2019-09-27,73000.0,,,Analyst,12.0,5.0,0
2858,Bob,Smith,Male,2023-01-15,52000.0,2.0,1019.0,Senior Analyst,10.0,2.0,0
2859,Frank,Davis,Male,2021-04-26,38000.0,7.0,1011.0,Associate,13.0,3.0,0
2860,Diana,Wilson,Female,2020-12-14,112000.0,3.0,1024.0,Analyst,4.0,2.0,0
2861,Bob,Kim,Female,2022-02-12,38000.0,8.0,1001.0,Associate,10.0,4.0,0
2862,Frank,Rodriguez,Male,2023-02-03,45000.0,3.0,1042.0,Associate,8.0,3.0,0
2863,Laura,Rodriguez,Female,2018-01-03,73000.0,,,Analyst,6.0,2.0,0
2864,Diana,Davis,Female,2023-09-04,98000.0,,,Senior Analyst,6.0,4.0,1
2865,Frank,Rodriguez,Male,2022-04-02,45000.0,,,Senior Analyst,12.0,3.0,0
2866,Jack,Lee,Female,2020-01-30,52000.0,2.0,1019.0,Lead,13.0,4.0,0
2867,Frank,Davis,Male,2018-03-18,160000.0,10.0,1022.0,Analyst,11.0,4.0,0
2868,Kevin,Wilson,Male,2022-01-31,45000.0,7.0,1025.0,Associate,11.0,3.0,0
2869,Henry,Brown,Female,2020-09-05,160000.0,4.0,1020.0,Lead,5.0,4.0,0
2870,Jack,Lee,Male,2021-08-06,135000.0,4.0,1020.0,Senior Analyst,8.0,5.0,0
2871,Olivia,Rodriguez,Male,2018-09-17,45000.0,6.0,1034.0,Senior Analyst,9.0,3.0,1
2872,Eve,Wilson,Male,2022-05-07,45000.0,11.0,1036.0,Senior Analyst,15.0,3.0,0
2873,Jack,Kim,Male,2020-02-17,85000.0,9.0,1031.0,Analyst,12.0,3.0,0
2874,Jack,Garcia,Female,2023-11-17,160000.0,7.0,1033.0,Analyst,7.0,3.0,0
2875,Jack,Wilson,Female,2023-07-31,61000.0,1.0,1009.0,Senior Analyst,9.0,5.0,1
2876,Grace,Johnson,Male,2019-09-24,61000.0,1.0,1045.0,Analyst,7.0,3.0,0
2877,Kevin,Davis,Female,2021-03-05,52000.0,1.0,1009.0,Analyst,7.0,5.0,0
2878,Jack,Smith,Female,2021-08-14,73000.0,,,Senior Analyst,3.0,3.0,0
2879,Bob,Lee,Female,2022-08-06,73000.0,1.0,1045.0,Senior Analyst,9.0,5.0,0
2880,Alice,Johnson,Female,2021-08-12,38000.0,2.0,1021.0,Analyst,10.0,4.0,0
2881,Alice,Davis,Female,2019-03-29,85000.0,3.0,1014.0,Director,10.0,4.0,0
2882,Olivia,Davis,Male,2019-01-30,45000.0,12.0,1030.0,Manager,11.0,4.0,0
2883,Bob,Rodriguez,Female,2023-11-14,98000.0,,,Lead,6.0,3.0,0
2884,Diana,Kim,Male,2018-10-01,61000.0,12.0,1030.0,Analyst,5.0,4.0,0
2885,Ivy,Brown,Female,2018-06-29,52000.0,10.0,1022.0,Associate,4.0,3.0,0
2886,Frank,Brown,Female,2019-06-16,85000.0,8.0,1001.0,Analyst,6.0,3.0,0
2887,Frank,Davis,Female,2020-01-02,38000.0,1.0,1026.0,Manager,11.0,4.0,1
2888,Olivia,Wilson,Male,2018-05-09,160000.0,,,Senior Analyst,10.0,3.0,0
2889,Kevin,Garcia,Male,2020-04-07,38000.0,11.0,1036.0,Associate,15.0,4.0,0
2890,Ivy,Patel,Male,2019-03-15,61000.0,10.0,1037.0,Associate,9.0,3.0,0
2891,Ivy,Martinez,Female,2023-06-12,98000.0,11.0,1006.0,Lead,4.0,4.0,0
2892,Kevin,Martinez,Male,2020-02-24,85000.0,11.0,1027.0,Associate,11.0,5.0,0
2893,Nick,Wilson,Male,2019-02-09,45000.0,10.0,1037.0,Analyst,11.0,4.0,0
2894,Jack,Smith,Male,2018-05-11,61000.0,,,Analyst,9.0,4.0,0
2895,Mona,Martinez,Female,2022-05-11,98000.0,,,Associate,11.0,4.0,0
2896,Jack,Kim,Male,2023-06-30,98000.0,10.0,1037.0,Senior Analyst,9.0,5.0,0
2897,Olivia,Johnson,Female,2023-11-24,73000.0,10.0,1018.0,Manager,4.0,3.0,0
2898,Eve,Lee,Male,2020-11-14,61000.0,1.0,1026.0,Lead,11.0,4.0,1
2899,Kevin,Smith,Male,2018-07-21,52000.0,10.0,1018.0,Lead,3.0,3.0,0
2900,Diana,Brown,Male,2022-02-09,85000.0,1.0,1009.0,Senior Analyst,8.0,1.0,0
2901,Grace,Brown,Male,2020-06-23,98000.0,9.0,1031.0,Associate,8.0,3.0,0
2902,Diana,Brown,Female,2018-10-18,73000.0,,,Associate,4.0,3.0,0
2903,Frank,Rodriguez,Female,2018-02-23,112000.0,9.0,1031.0,Senior Analyst,3.0,4.0,0
2904,Olivia,Kim,Female,2020-05-04,98000.0,7.0,1025.0,Analyst,4.0,5.0,0
2905,Frank,Brown,Male,2023-07-06,85000.0,3.0,1032.0,Associate,6.0,4.0,0
2906,Nick,Martinez,Male,2018-11-24,45000.0,2.0,1019.0,Associate,8.0,4.0,0
2907,Jack,Patel,Male,2023-04-02,73000.0,11.0,1036.0,Associate,9.0,2.0,0
2908,Alice,Lee,Female,2018-09-06,85000.0,3.0,1042.0,Director,5.0,3.0,0
2909,Eve,Brown,Female,2022-01-18,135000.0,2.0,1044.0,Lead,8.0,3.0,0
2910,Olivia,Patel,Female,2022-08-31,112000.0,6.0,1034.0,Analyst,7.0,4.0,0
2911,Olivia,Lee,Female,2022-02-20,38000.0,12.0,1035.0,Analyst,9.0,2.0,0
2912,Mona,Brown,Female,2018-08-27,52000.0,11.0,1027.0,Director,6.0,4.0,0
2913,Bob,Patel,Male,2020-12-24,52000.0,1.0,1001.0,Analyst,5.0,5.0,1
2914,Diana,Martinez,Female,2023-12-07,61000.0,7.0,1038.0,Director,1.0,4.0,0
2915,Jack,Kim,Male,2018-06-16,85000.0,8.0,1001.0,Analyst,9.0,4.0,0
2916,Olivia,Lee,Male,2018-10-16,45000.0,10.0,1022.0,Director,8.0,4.0,0
2917,Alice,Smith,Female,2021-05-29,135000.0,10.0,1037.0,Analyst,3.0,3.0,0
2918,Frank,Lee,Male,2018-11-16,52000.0,4.0,1023.0,Lead,7.0,3.0,0
2919,Olivia,Patel,Male,2020-06-03,98000.0,9.0,1007.0,Associate,9.0,4.0,0
2920,Laura,Martinez,Male,2023-10-29,85000.0,7.0,1041.0,Associate,6.0,4.0,0
2921,Diana,Johnson,Female,2019-02-02,52000.0,,,Associate,5.0,4.0,1
2922,Mona,Patel,Male,2019-02-19,160000.0,8.0,1001.0,Analyst,5.0,3.0,0
2923,Ivy,Kim,Female,2020-08-04,73000.0,7.0,1002.0,Associate,9.0,4.0,1
2924,Ivy,Johnson,Female,2023-12-18,98000.0,6.0,1034.0,Associate,8.0,2.0,0
2925,Mona,Rodriguez,Male,2022-04-28,98000.0,9.0,1007.0,Senior Analyst,9.0,3.0,0
2926,Diana,Patel,Male,2020-02-16,160000.0,12.0,1040.0,Associate,6.0,3.0,0
2927,Laura,Martinez,Male,2020-03-02,38000.0,8.0,1001.0,Senior Analyst,7.0,3.0,0
2928,Laura,Johnson,Female,2023-11-26,160000.0,10.0,1022.0,Analyst,6.0,3.0,0
2929,Ivy,Smith,Male,2020-10-15,45000.0,11.0,1036.0,Analyst,8.0,3.0,1
2930,Eve,Patel,Female,2020-01-03,61000.0,8.0,1001.0,Senior Analyst,10.0,4.0,1
2931,Olivia,Brown,Female,2022-08-28,52000.0,6.0,1034.0,Senior Analyst,14.0,4.0,0
2932,Olivia,Garcia,Male,2019-03-09,160000.0,,,Analyst,11.0,4.0,0
2933,Ivy,Johnson,Male,2022-01-06,73000.0,6.0,1034.0,Manager,15.0,4.0,0
2934,Laura,Smith,Female,2023-02-22,85000.0,7.0,1038.0,Associate,6.0,5.0,0
2935,Bob,Brown,Female,2022-10-16,160000.0,,,Associate,10.0,2.0,0
2936,Mona,Brown,Male,2019-03-03,135000.0,1.0,1009.0,Senior Analyst,4.0,3.0,0
2937,Bob,Martinez,Female,2019-11-15,112000.0,3.0,1032.0,Analyst,5.0,4.0,1
2938,Frank,Davis,Male,2020-01-09,112000.0,5.0,1005.0,Lead,7.0,3.0,0
2939,Laura,Smith,Male,2022-07-03,61000.0,,,Analyst,11.0,4.0,1
2940,Ivy,Patel,Female,2023-08-30,73000.0,1.0,1026.0,Analyst,5.0,4.0,0
2941,Alice,Martinez,Male,2021-10-14,112000.0,1.0,1045.0,Analyst,8.0,5.0,0
2942,Diana,Wilson,Female,2019-10-10,98000.0,1.0,1013.0,Analyst,9.0,5.0,0
2943,Bob,Brown,Female,2023-12-27,160000.0,1.0,1013.0,Associate,15.0,5.0,0
2944,Grace,Rodriguez,Female,2022-12-20,73000.0,1.0,1045.0,Analyst,6.0,3.0,1
2945,Bob,Lee,Female,2021-12-14,61000.0,7.0,1002.0,Senior Analyst,6.0,5.0,1
2946,Alice,Garcia,Female,2021-07-14,98000.0,9.0,1031.0,Manager,7.0,3.0,0
2947,Grace,Wilson,Male,2021-08-22,38000.0,3.0,1014.0,Analyst,6.0,4.0,1
2948,Frank,Johnson,Male,2022-03-03,73000.0,5.0,1008.0,Analyst,4.0,4.0,0
2949,Ivy,Lee,Female,2022-08-16,112000.0,1.0,1009.0,Manager,3.0,3.0,0
2950,Grace,Lee,Female,2022-10-30,85000.0,4.0,1020.0,Analyst,8.0,4.0,0
2951,Diana,Johnson,Male,2021-08-17,112000.0,8.0,1001.0,VP,8.0,2.0,1
2952,Jack,Johnson,Female,2020-09-12,112000.0,11.0,1027.0,VP,4.0,3.0,0
2953,Kevin,Kim,Female,2020-05-26,85000.0,1.0,1009.0,Analyst,5.0,5.0,1
2954,Nick,Kim,Male,2022-03-17,98000.0,7.0,1039.0,Analyst,11.0,3.0,0
2955,Jack,Martinez,Male,2020-11-06,98000.0,3.0,1014.0,Senior Analyst,7.0,2.0,1
2956,Eve,Kim,Male,2022-01-14,160000.0,,,Senior Analyst,10.0,3.0,0
2957,Jack,Rodriguez,Female,2023-01-28,45000.0,11.0,1036.0,Director,9.0,5.0,0
2958,Alice,Wilson,Male,2023-01-07,38000.0,9.0,1016.0,Associate,8.0,2.0,0
2959,Olivia,Garcia,Female,2022-06-15,61000.0,3.0,1015.0,Manager,8.0,3.0,0
2960,Mona,Brown,Male,2018-01-01,85000.0,,,Manager,11.0,4.0,0
2961,Grace,Garcia,Female,2018-05-22,160000.0,1.0,1026.0,Analyst,12.0,3.0,1
2962,Bob,Johnson,Male,2021-03-11,38000.0,2.0,1019.0,Analyst,8.0,3.0,1
2963,Kevin,Smith,Male,2018-03-08,135000.0,5.0,1028.0,Manager,8.0,4.0,0
2964,Grace,Patel,Male,2023-10-22,73000.0,2.0,1044.0,Analyst,6.0,4.0,0
2965,Nick,Davis,Male,2019-07-08,85000.0,,,VP,13.0,4.0,0
2966,Eve,Patel,Male,2021-05-21,135000.0,12.0,1035.0,Senior Analyst,4.0,3.0,0
2967,Charlie,Davis,Male,2018-01-27,52000.0,3.0,1043.0,Analyst,12.0,5.0,0
2968,Bob,Patel,Male,2021-05-15,135000.0,9.0,1016.0,Associate,4.0,5.0,0
2969,Jack,Patel,Female,2020-06-27,85000.0,,,Senior Analyst,12.0,3.0,0
2970,Ivy,Davis,Female,2020-05-29,52000.0,,,Analyst,9.0,2.0,0
2971,Kevin,Wilson,Male,2021-07-13,135000.0,9.0,1007.0,Analyst,10.0,5.0,0
2972,Frank,Brown,Female,2018-03-30,73000.0,,,Analyst,10.0,4.0,0
2973,Ivy,Kim,Female,2021-02-04,38000.0,,,Senior Analyst,8.0,4.0,0
2974,Eve,Brown,Male,2023-09-26,112000.0,11.0,1006.0,Lead,6.0,4.0,0
2975,Henry,Wilson,Female,2019-09-26,73000.0,1.0,1001.0,Manager,11.0,4.0,0
2976,Grace,Garcia,Male,2019-01-22,98000.0,6.0,1034.0,Senior Analyst,8.0,4.0,1
2977,Laura,Johnson,Male,2018-06-04,73000.0,12.0,1004.0,Senior Analyst,8.0,3.0,0
2978,Bob,Patel,Male,2023-03-01,73000.0,3.0,1043.0,Senior Analyst,10.0,4.0,0
2979,Jack,Kim,Male,2021-12-27,98000.0,12.0,1040.0,Manager,9.0,5.0,0
2980,Nick,Martinez,Female,2019-10-02,85000.0,2.0,1021.0,Analyst,8.0,4.0,0
2981,Ivy,Brown,Male,2019-07-21,112000.0,1.0,1001.0,Senior Analyst,3.0,4.0,0
2982,Mona,Rodriguez,Male,2020-12-21,52000.0,5.0,1008.0,Senior Analyst,9.0,5.0,0
2983,Grace,Martinez,Male,2022-02-12,112000.0,1.0,1009.0,Analyst,10.0,4.0,0
2984,Nick,Kim,Male,2020-10-20,52000.0,,,Associate,6.0,3.0,1
2985,Grace,Kim,Male,2020-08-12,52000.0,12.0,1004.0,Associate,6.0,4.0,0
2986,Mona,Martinez,Female,2020-11-15,73000.0,12.0,1035.0,Analyst,6.0,3.0,1
2987,Frank,Patel,Male,2021-05-15,112000.0,10.0,1022.0,Senior Analyst,7.0,2.0,1
2988,Kevin,Rodriguez,Female,2019-01-12,112000.0,3.0,1015.0,Lead,11.0,3.0,0
2989,Eve,Lee,Male,2022-06-26,85000.0,7.0,1025.0,Associate,7.0,4.0,0
2990,Eve,Rodriguez,Male,2020-06-09,135000.0,9.0,1016.0,Associate,8.0,5.0,0
2991,Diana,Johnson,Female,2018-11-13,112000.0,8.0,1001.0,Senior Analyst,7.0,3.0,0
2992,Olivia,Martinez,Male,2021-08-22,52000.0,3.0,1032.0,Associate,9.0,3.0,1
2993,Kevin,Smith,Male,2023-05-31,45000.0,7.0,1002.0,Analyst,3.0,4.0,0
2994,Henry,Wilson,Male,2019-12-10,73000.0,7.0,1038.0,Associate,4.0,4.0,0
2995,Bob,Rodriguez,Female,2023-06-23,52000.0,,,Associate,14.0,4.0,1
2996,Bob,Lee,Male,2019-01-26,73000.0,,,Associate,12.0,4.0,1
2997,Grace,Martinez,Male,2021-05-15,160000.0,7.0,1002.0,Lead,12.0,4.0,0
2998,Laura,Davis,Female,2018-06-03,38000.0,10.0,1018.0,Analyst,4.0,3.0,1
2999,Frank,Smith,Female,2022-04-12,160000.0,11.0,1027.0,Senior Analyst,9.0,3.0,0
3000,Bob,Davis,Female,2018-11-18,45000.0,1.0,1026.0,Manager,9.0,3.0,0
3001,Alice,Martinez,Male,2018-08-18,112000.0,,,Analyst,9.0,5.0,0
3002,Olivia,Wilson,Female,2021-10-01,85000.0,,,Analyst,5.0,3.0,0
3003,Ivy,Johnson,Female,2021-11-26,45000.0,7.0,1039.0,Associate,12.0,4.0,0
3004,Kevin,Kim,Female,2022-11-14,160000.0,5.0,1008.0,Manager,11.0,3.0,0
3005,Grace,Lee,Male,2022-09-03,45000.0,3.0,1014.0,Lead,3.0,4.0,0
3006,Nick,Johnson,Male,2019-05-09,52000.0,7.0,1017.0,Senior Analyst,1.0,3.0,0
3007,Olivia,Patel,Female,2020-07-17,112000.0,1.0,1045.0,Analyst,9.0,3.0,0
3008,Grace,Patel,Male,2018-02-16,112000.0,,,Analyst,9.0,3.0,0
3009,Nick,Patel,Female,2022-04-16,73000.0,1.0,1026.0,Associate,6.0,4.0,0
3010,Alice,Brown,Female,2018-08-10,38000.0,3.0,1032.0,Associate,12.0,3.0,0
3011,Eve,Brown,Male,2021-06-02,38000.0,,,Senior Analyst,10.0,4.0,1
3012,Eve,Garcia,Female,2023-11-18,112000.0,11.0,1036.0,Associate,8.0,4.0,1
3013,Bob,Rodriguez,Female,2018-06-18,160000.0,3.0,1014.0,Senior Analyst,8.0,4.0,0
3014,Henry,Davis,Female,2021-07-31,38000.0,3.0,1032.0,Analyst,7.0,4.0,0
3015,Charlie,Patel,Male,2019-09-05,73000.0,1.0,1009.0,Lead,10.0,5.0,1
3016,Henry,Smith,Male,2021-08-31,38000.0,10.0,1018.0,Analyst,11.0,3.0,1
3017,Mona,Rodriguez,Female,2023-08-20,135000.0,1.0,1009.0,Analyst,7.0,3.0,0
3018,Frank,Wilson,Female,2020-06-23,98000.0,8.0,1001.0,Associate,8.0,5.0,0
3019,Ivy,Martinez,Female,2019-09-20,73000.0,,,Analyst,13.0,3.0,0
3020,Bob,Brown,Male,2018-07-26,98000.0,2.0,1021.0,Analyst,9.0,4.0,0
3021,Eve,Rodriguez,Male,2022-05-29,61000.0,,,Lead,2.0,3.0,0
3022,Diana,Johnson,Male,2022-12-31,98000.0,,,Manager,6.0,4.0,0
3023,Grace,Lee,Male,2023-08-30,52000.0,1.0,1026.0,Analyst,3.0,3.0,0
3024,Ivy,Wilson,Male,2019-01-04,112000.0,,,Lead,5.0,5.0,1
3025,Laura,Johnson,Male,2020-06-28,73000.0,7.0,1017.0,Analyst,12.0,4.0,0
3026,Jack,Brown,Male,2022-11-05,160000.0,,,Manager,7.0,3.0,0
3027,Kevin,Brown,Male,2021-04-01,45000.0,9.0,1031.0,Senior Analyst,8.0,3.0,1
3028,Ivy,Wilson,Female,2022-06-04,135000.0,10.0,1037.0,Lead,5.0,3.0,0
3029,Jack,Wilson,Female,2019-08-30,112000.0,9.0,1016.0,Analyst,9.0,4.0,0
3030,Jack,Rodriguez,Male,2019-06-26,112000.0,,,Lead,8.0,3.0,0
3031,Kevin,Kim,Male,2021-10-08,160000.0,11.0,1036.0,Associate,11.0,3.0,0
3032,Alice,Martinez,Male,2018-12-05,98000.0,8.0,1001.0,Lead,5.0,4.0,1
3033,Eve,Johnson,Female,2023-05-04,160000.0,,,Lead,7.0,3.0,0
3034,Laura,Johnson,Male,2018-07-21,98000.0,3.0,1042.0,Analyst,7.0,3.0,0
3035,Nick,Lee,Male,2022-06-24,135000.0,2.0,1044.0,Analyst,3.0,3.0,1
3036,Frank,Martinez,Male,2020-12-11,112000.0,3.0,1043.0,Lead,10.0,4.0,0
3037,Charlie,Brown,Female,2018-12-15,52000.0,4.0,1023.0,Manager,7.0,5.0,0
3038,Charlie,Wilson,Female,2022-06-21,135000.0,3.0,1024.0,Lead,5.0,3.0,0
3039,Jack,Lee,Female,2023-08-18,135000.0,,,Associate,7.0,4.0,0
3040,Bob,Patel,Male,2022-11-15,112000.0,2.0,1019.0,Associate,5.0,2.0,1
3041,Laura,Garcia,Female,2019-06-19,112000.0,10.0,1018.0,Analyst,7.0,3.0,0
3042,Olivia,Wilson,Female,2019-07-07,52000.0,3.0,1015.0,Associate,11.0,4.0,0
3043,Bob,Wilson,Male,2023-05-24,73000.0,,,Analyst,4.0,3.0,0
3044,Henry,Johnson,Male,2020-03-22,135000.0,,,Associate,10.0,4.0,0
3045,Frank,Rodriguez,Male,2023-06-22,160000.0,7.0,1041.0,Analyst,9.0,5.0,0
3046,Grace,Garcia,Female,2022-06-08,45000.0,,,Analyst,10.0,5.0,1
3047,Charlie,Kim,Female,2020-03-14,135000.0,1.0,1001.0,Associate,10.0,3.0,0
3048,Eve,Rodriguez,Male,2023-11-18,98000.0,12.0,1035.0,Analyst,7.0,3.0,0
3049,Eve,Smith,Female,2020-10-05,112000.0,3.0,1042.0,Manager,5.0,5.0,0
3050,Olivia,Davis,Male,2020-09-19,160000.0,,,Associate,7.0,3.0,0
3051,Ivy,Martinez,Male,2018-10-21,85000.0,1.0,1009.0,Analyst,5.0,4.0,0
3052,Nick,Kim,Female,2020-12-26,45000.0,9.0,1031.0,Analyst,3.0,3.0,0
3053,Charlie,Kim,Female,2022-10-28,38000.0,11.0,1027.0,Analyst,3.0,3.0,0
3054,Laura,Martinez,Female,2021-08-17,112000.0,3.0,1042.0,Associate,9.0,3.0,1
3055,Alice,Garcia,Female,2019-01-02,52000.0,3.0,1032.0,Associate,10.0,5.0,0
3056,Bob,Kim,Male,2019-04-06,38000.0,1.0,1026.0,Analyst,8.0,5.0,0
3057,Grace,Johnson,Female,2022-08-22,73000.0,3.0,1032.0,Manager,6.0,3.0,0
3058,Grace,Wilson,Male,2022-10-01,112000.0,9.0,1031.0,Senior Analyst,5.0,4.0,0
3059,Jack,Patel,Female,2022-02-05,112000.0,2.0,1019.0,Senior Analyst,7.0,3.0,0
3060,Grace,Smith,Female,2021-11-27,73000.0,5.0,1005.0,Senior Analyst,7.0,2.0,0
3061,Diana,Smith,Male,2020-02-20,52000.0,1.0,1013.0,Manager,8.0,4.0,1
3062,Henry,Wilson,Female,2021-08-06,45000.0,12.0,1035.0,Associate,9.0,4.0,0
3063,Frank,Smith,Male,2021-11-12,160000.0,2.0,1021.0,VP,11.0,3.0,1
3064,Bob,Kim,Male,2018-04-10,45000.0,3.0,1043.0,Analyst,6.0,3.0,0
3065,Kevin,Johnson,Female,2021-06-02,38000.0,1.0,1013.0,Director,8.0,5.0,0
3066,Ivy,Martinez,Male,2019-11-25,45000.0,6.0,1034.0,Analyst,9.0,5.0,0
3067,Henry,Rodriguez,Female,2021-12-03,112000.0,,,Analyst,7.0,4.0,0
3068,Eve,Martinez,Male,2022-12-17,98000.0,5.0,1008.0,Associate,6.0,3.0,0
3069,Diana,Garcia,Male,2019-08-21,160000.0,3.0,1032.0,Associate,8.0,4.0,0
3070,Olivia,Brown,Male,2022-12-10,73000.0,11.0,1006.0,Manager,9.0,3.0,0
3071,Alice,Kim,Female,2018-07-03,160000.0,12.0,1010.0,Analyst,8.0,5.0,0
3072,Diana,Patel,Male,2020-08-14,98000.0,3.0,1042.0,Analyst,13.0,2.0,0
3073,Olivia,Garcia,Male,2020-03-28,45000.0,12.0,1035.0,Analyst,9.0,3.0,0
3074,Laura,Martinez,Female,2022-03-12,38000.0,,,Associate,9.0,3.0,0
3075,Laura,Brown,Male,2019-10-01,38000.0,3.0,1032.0,Associate,11.0,4.0,0
3076,Eve,Lee,Male,2018-12-18,61000.0,12.0,1035.0,Analyst,7.0,4.0,0
3077,Bob,Wilson,Male,2019-04-06,61000.0,11.0,1036.0,Associate,7.0,3.0,0
3078,Henry,Patel,Male,2018-08-12,52000.0,7.0,1017.0,Manager,6.0,4.0,0
3079,Grace,Martinez,Male,2020-09-22,98000.0,1.0,1045.0,Senior Analyst,6.0,4.0,1
3080,Bob,Davis,Female,2019-08-28,135000.0,1.0,1001.0,Senior Analyst,12.0,1.0,1
3081,Henry,Patel,Male,2021-03-24,73000.0,,,Analyst,8.0,4.0,0
3082,Diana,Patel,Female,2018-02-26,52000.0,,,Manager,8.0,5.0,1
3083,Ivy,Smith,Male,2021-11-07,38000.0,10.0,1022.0,Analyst,3.0,2.0,0
3084,Kevin,Lee,Male,2019-04-01,52000.0,7.0,1002.0,Associate,11.0,2.0,1
3085,Frank,Kim,Female,2021-06-03,112000.0,10.0,1018.0,Associate,9.0,3.0,0
3086,Frank,Wilson,Male,2023-01-18,112000.0,9.0,1007.0,Analyst,12.0,2.0,0
3087,Laura,Martinez,Female,2023-04-14,112000.0,5.0,1028.0,Manager,8.0,4.0,0
3088,Grace,Brown,Male,2018-04-04,61000.0,1.0,1045.0,Lead,5.0,4.0,0
3089,Grace,Martinez,Male,2021-09-21,98000.0,12.0,1030.0,Lead,6.0,4.0,0
3090,Bob,Garcia,Female,2020-05-06,38000.0,5.0,1005.0,Lead,5.0,3.0,1
3091,Eve,Patel,Female,2020-05-17,98000.0,12.0,1010.0,Director,7.0,4.0,0
3092,Grace,Lee,Female,2020-04-14,112000.0,3.0,1032.0,Lead,10.0,4.0,0
3093,Grace,Johnson,Female,2023-11-14,160000.0,1.0,1026.0,Analyst,6.0,5.0,0
3094,Jack,Wilson,Male,2020-11-25,73000.0,2.0,1044.0,Analyst,6.0,3.0,1
3095,Eve,Garcia,Female,2023-06-02,98000.0,7.0,1011.0,Associate,8.0,4.0,1
3096,Grace,Rodriguez,Male,2019-08-02,160000.0,,,Lead,7.0,5.0,0
3097,Olivia,Kim,Male,2018-03-17,112000.0,2.0,1021.0,Director,9.0,4.0,1
3098,Charlie,Patel,Male,2022-03-23,38000.0,,,Lead,3.0,3.0,1
3099,Olivia,Patel,Male,2023-11-28,98000.0,8.0,1001.0,Analyst,7.0,3.0,0
3100,Grace,Johnson,Male,2018-06-28,135000.0,12.0,1004.0,Associate,11.0,5.0,1
3101,Kevin,Kim,Female,2020-11-12,98000.0,3.0,1042.0,Senior Analyst,13.0,3.0,0
3102,Frank,Garcia,Male,2019-11-29,45000.0,12.0,1030.0,Analyst,6.0,5.0,0
3103,Grace,Johnson,Male,2018-09-04,85000.0,12.0,1035.0,Associate,4.0,4.0,0
3104,Bob,Wilson,Female,2021-03-09,98000.0,3.0,1032.0,Analyst,9.0,3.0,0
3105,Grace,Martinez,Female,2020-04-02,73000.0,2.0,1019.0,Lead,5.0,4.0,0
3106,Grace,Rodriguez,Male,2021-01-16,112000.0,,,Associate,7.0,1.0,0
3107,Bob,Brown,Male,2018-08-06,61000.0,,,Associate,7.0,3.0,1
3108,Nick,Wilson,Male,2023-03-20,160000.0,1.0,1013.0,Associate,11.0,4.0,1
3109,Laura,Kim,Female,2018-02-04,85000.0,11.0,1006.0,Director,8.0,4.0,0
3110,Diana,Lee,Male,2018-09-30,112000.0,,,Senior Analyst,6.0,4.0,0
3111,Laura,Johnson,Male,2022-05-11,73000.0,,,Senior Analyst,7.0,4.0,0
3112,Bob,Patel,Female,2021-01-16,98000.0,,,Analyst,5.0,3.0,0
3113,Jack,Johnson,Male,2022-01-15,85000.0,11.0,1036.0,Manager,5.0,4.0,1
3114,Henry,Patel,Male,2019-03-18,52000.0,7.0,1002.0,Manager,7.0,4.0,0
3115,Charlie,Brown,Male,2018-03-20,73000.0,3.0,1032.0,Associate,6.0,3.0,1
3116,Laura,Brown,Male,2021-04-13,45000.0,3.0,1014.0,Associate,10.0,5.0,1
3117,Frank,Patel,Male,2022-05-03,52000.0,11.0,1006.0,Associate,8.0,4.0,0
3118,Olivia,Garcia,Male,2020-08-04,52000.0,11.0,1036.0,Associate,10.0,4.0,0
3119,Jack,Garcia,Male,2022-04-09,45000.0,3.0,1043.0,Associate,5.0,4.0,0
3120,Charlie,Rodriguez,Male,2023-09-14,112000.0,,,Analyst,7.0,3.0,0
3121,Bob,Rodriguez,Male,2019-02-12,61000.0,11.0,1036.0,Analyst,9.0,3.0,0
3122,Diana,Johnson,Male,2021-07-16,38000.0,9.0,1031.0,Senior Analyst,5.0,4.0,1
3123,Charlie,Johnson,Male,2023-06-09,73000.0,7.0,1041.0,Associate,9.0,5.0,0
3124,Charlie,Kim,Male,2023-12-18,52000.0,9.0,1016.0,Lead,7.0,4.0,0
3125,Laura,Lee,Female,2018-12-27,135000.0,2.0,1021.0,Lead,6.0,3.0,0
3126,Bob,Davis,Female,2020-02-03,45000.0,3.0,1043.0,Analyst,12.0,3.0,0
3127,Olivia,Brown,Female,2020-03-25,45000.0,1.0,1026.0,Analyst,11.0,2.0,0
3128,Jack,Davis,Female,2023-08-13,45000.0,2.0,1019.0,Associate,5.0,3.0,1
3129,Grace,Rodriguez,Female,2023-02-19,112000.0,7.0,1039.0,Analyst,5.0,4.0,0
3130,Ivy,Garcia,Female,2018-03-30,85000.0,8.0,1001.0,Lead,5.0,4.0,0
3131,Ivy,Lee,Female,2018-06-12,38000.0,1.0,1001.0,Associate,8.0,3.0,0
3132,Kevin,Patel,Male,2020-10-10,135000.0,12.0,1030.0,Associate,5.0,4.0,0
3133,Nick,Brown,Male,2023-12-09,52000.0,3.0,1014.0,Analyst,10.0,4.0,0
3134,Jack,Wilson,Male,2021-06-02,135000.0,,,Analyst,12.0,3.0,1
3135,Olivia,Patel,Female,2021-09-28,45000.0,,,Manager,7.0,4.0,0
3136,Eve,Garcia,Female,2023-06-30,112000.0,3.0,1043.0,Associate,8.0,3.0,0
3137,Olivia,Wilson,Male,2022-05-31,45000.0,7.0,1017.0,Lead,11.0,4.0,1
3138,Eve,Patel,Female,2019-10-06,160000.0,1.0,1013.0,Lead,10.0,4.0,0
3139,Grace,Johnson,Male,2018-03-17,45000.0,9.0,1031.0,Analyst,8.0,4.0,0
3140,Henry,Brown,Female,2021-11-21,38000.0,9.0,1031.0,Associate,11.0,5.0,0
3141,Jack,Martinez,Female,2021-12-12,52000.0,3.0,1032.0,Lead,9.0,2.0,0
3142,Laura,Lee,Male,2021-12-26,61000.0,9.0,1016.0,Senior Analyst,11.0,4.0,0
3143,Ivy,Smith,Male,2021-05-23,52000.0,3.0,1032.0,Manager,10.0,4.0,1
3144,Frank,Lee,Male,2020-08-25,112000.0,3.0,1014.0,Associate,5.0,4.0,1
3145,Bob,Kim,Female,2023-08-16,112000.0,10.0,1018.0,Analyst,13.0,4.0,0
3146,Grace,Martinez,Male,2021-02-03,45000.0,3.0,1042.0,Analyst,6.0,4.0,0
3147,Alice,Brown,Female,2018-09-11,85000.0,9.0,1031.0,Senior Analyst,9.0,4.0,1
3148,Frank,Martinez,Male,2020-11-21,52000.0,6.0,1034.0,Analyst,4.0,3.0,0
3149,Eve,Garcia,Male,2022-05-05,61000.0,,,Senior Analyst,10.0,3.0,0
3150,Jack,Garcia,Male,2018-05-01,98000.0,2.0,1044.0,Analyst,5.0,4.0,0
3151,Olivia,Brown,Male,2021-02-21,38000.0,7.0,1041.0,Senior Analyst,9.0,4.0,0
3152,Bob,Lee,Female,2020-07-12,112000.0,10.0,1018.0,Senior Analyst,7.0,5.0,0
3153,Ivy,Garcia,Female,2019-09-14,135000.0,5.0,1005.0,Associate,11.0,3.0,0
3154,Frank,Rodriguez,Female,2021-10-31,73000.0,,,Analyst,7.0,3.0,0
3155,Ivy,Garcia,Male,2022-05-29,98000.0,11.0,1027.0,Analyst,6.0,4.0,0
3156,Olivia,Martinez,Male,2019-07-17,61000.0,10.0,1018.0,Senior Analyst,12.0,5.0,0
3157,Laura,Martinez,Male,2018-12-26,135000.0,11.0,1006.0,Associate,9.0,5.0,0
3158,Alice,Patel,Female,2022-04-15,61000.0,,,Senior Analyst,7.0,3.0,0
3159,Nick,Lee,Male,2023-11-03,98000.0,,,Analyst,8.0,2.0,1
3160,Ivy,Patel,Female,2020-07-20,98000.0,11.0,1006.0,Analyst,7.0,3.0,1
3161,Charlie,Martinez,Male,2022-09-06,135000.0,11.0,1036.0,Analyst,8.0,3.0,0
3162,Jack,Wilson,Male,2020-09-11,85000.0,2.0,1019.0,Analyst,8.0,5.0,0
3163,Henry,Lee,Female,2019-09-18,112000.0,2.0,1019.0,Analyst,5.0,3.0,0
3164,Olivia,Davis,Female,2022-10-13,38000.0,9.0,1016.0,Lead,6.0,3.0,1
3165,Grace,Smith,Male,2021-07-03,135000.0,1.0,1001.0,Associate,7.0,3.0,0
3166,Mona,Lee,Male,2021-09-10,45000.0,7.0,1039.0,Lead,9.0,3.0,0
3167,Mona,Davis,Female,2023-01-14,98000.0,3.0,1015.0,Associate,4.0,4.0,0
3168,Olivia,Smith,Male,2019-06-24,52000.0,4.0,1003.0,Analyst,8.0,2.0,0
3169,Bob,Davis,Male,2020-04-26,98000.0,12.0,1004.0,Associate,5.0,3.0,0
3170,Jack,Johnson,Female,2019-07-22,52000.0,,,Manager,11.0,5.0,0
3171,Alice,Martinez,Male,2020-04-08,38000.0,1.0,1013.0,Associate,8.0,3.0,1
3172,Kevin,Lee,Female,2019-07-20,135000.0,8.0,1001.0,Senior Analyst,6.0,4.0,0
3173,Olivia,Martinez,Female,2021-06-19,98000.0,,,Associate,10.0,3.0,0
3174,Henry,Wilson,Male,2023-11-16,135000.0,1.0,1026.0,Senior Analyst,10.0,4.0,0
3175,Jack,Davis,Female,2019-07-08,85000.0,12.0,1030.0,Analyst,4.0,2.0,1
3176,Frank,Brown,Male,2022-10-28,38000.0,4.0,1012.0,Analyst,13.0,3.0,0
3177,Nick,Patel,Male,2019-08-18,135000.0,3.0,1015.0,Analyst,11.0,4.0,0
3178,Frank,Brown,Female,2019-10-10,52000.0,,,Senior Analyst,12.0,3.0,0
3179,Laura,Martinez,Female,2021-07-24,112000.0,3.0,1043.0,Senior Analyst,7.0,4.0,0
3180,Kevin,Martinez,Female,2018-10-05,135000.0,10.0,1018.0,Analyst,12.0,3.0,0
3181,Alice,Martinez,Female,2023-12-24,160000.0,12.0,1040.0,Analyst,9.0,4.0,0
3182,Jack,Brown,Female,2019-04-30,85000.0,1.0,1009.0,Associate,18.0,5.0,0
3183,Frank,Garcia,Male,2020-01-25,98000.0,10.0,1022.0,Associate,5.0,2.0,0
3184,Eve,Brown,Female,2021-07-24,73000.0,,,Manager,5.0,3.0,0
3185,Ivy,Johnson,Female,2019-08-20,135000.0,2.0,1044.0,Associate,10.0,4.0,0
3186,Frank,Rodriguez,Male,2018-05-01,52000.0,,,Senior Analyst,10.0,4.0,0
3187,Diana,Kim,Female,2021-07-29,135000.0,9.0,1007.0,Analyst,10.0,2.0,0
3188,Mona,Brown,Male,2022-08-23,45000.0,10.0,1037.0,Senior Analyst,6.0,4.0,0
3189,Olivia,Rodriguez,Male,2022-08-12,73000.0,10.0,1037.0,Associate,9.0,3.0,0
3190,Jack,Garcia,Male,2021-05-27,52000.0,3.0,1043.0,Analyst,11.0,3.0,0
3191,Charlie,Davis,Male,2022-12-20,135000.0,,,Manager,4.0,5.0,1
3192,Bob,Martinez,Male,2021-01-26,61000.0,,,Analyst,3.0,4.0,0
3193,Jack,Johnson,Female,2019-09-15,73000.0,10.0,1037.0,Analyst,6.0,4.0,0
3194,Nick,Martinez,Male,2020-02-09,135000.0,12.0,1004.0,Associate,9.0,3.0,0
3195,Eve,Patel,Male,2019-03-14,38000.0,10.0,1022.0,Director,10.0,3.0,0
3196,Jack,Smith,Female,2019-06-23,73000.0,7.0,1033.0,Senior Analyst,7.0,5.0,0
3197,Jack,Kim,Male,2020-01-27,85000.0,10.0,1022.0,Associate,5.0,1.0,0
3198,Bob,Wilson,Male,2018-04-18,45000.0,9.0,1007.0,Analyst,9.0,3.0,0
3199,Kevin,Wilson,Male,2020-12-29,160000.0,9.0,1031.0,Associate,9.0,3.0,0
3200,Bob,Johnson,Male,2020-08-03,112000.0,12.0,1004.0,Lead,11.0,4.0,0
